-- MySQL dump 10.13  Distrib 8.0.27, for Win64 (x86_64)
--
-- Host: localhost    Database: blog
-- ------------------------------------------------------
-- Server version	8.0.27

/*!40101 SET @OLD_CHARACTER_SET_CLIENT=@@CHARACTER_SET_CLIENT */;
/*!40101 SET @OLD_CHARACTER_SET_RESULTS=@@CHARACTER_SET_RESULTS */;
/*!40101 SET @OLD_COLLATION_CONNECTION=@@COLLATION_CONNECTION */;
/*!50503 SET NAMES utf8mb4 */;
/*!40103 SET @OLD_TIME_ZONE=@@TIME_ZONE */;
/*!40103 SET TIME_ZONE='+00:00' */;
/*!40014 SET @OLD_UNIQUE_CHECKS=@@UNIQUE_CHECKS, UNIQUE_CHECKS=0 */;
/*!40014 SET @OLD_FOREIGN_KEY_CHECKS=@@FOREIGN_KEY_CHECKS, FOREIGN_KEY_CHECKS=0 */;
/*!40101 SET @OLD_SQL_MODE=@@SQL_MODE, SQL_MODE='NO_AUTO_VALUE_ON_ZERO' */;
/*!40111 SET @OLD_SQL_NOTES=@@SQL_NOTES, SQL_NOTES=0 */;

--
-- Table structure for table `author`
--

DROP TABLE IF EXISTS `author`;
/*!40101 SET @saved_cs_client     = @@character_set_client */;
/*!50503 SET character_set_client = utf8mb4 */;
CREATE TABLE `author` (
  `id` int NOT NULL AUTO_INCREMENT,
  `Fname` varchar(50) CHARACTER SET latin1 COLLATE latin1_swedish_ci DEFAULT NULL,
  `Lname` varchar(50) CHARACTER SET latin1 COLLATE latin1_swedish_ci DEFAULT NULL,
  `Title` varchar(255) CHARACTER SET latin1 COLLATE latin1_swedish_ci DEFAULT NULL,
  `Experties` varchar(255) CHARACTER SET latin1 COLLATE latin1_swedish_ci DEFAULT NULL,
  `email` varchar(255) CHARACTER SET latin1 COLLATE latin1_swedish_ci NOT NULL,
  `Password` varchar(255) CHARACTER SET latin1 COLLATE latin1_swedish_ci DEFAULT NULL,
  `profilePic` varchar(255) DEFAULT NULL,
  PRIMARY KEY (`id`) USING BTREE,
  UNIQUE KEY `email` (`email`) USING BTREE,
  UNIQUE KEY `profilePic` (`profilePic`)
) ENGINE=InnoDB AUTO_INCREMENT=3 DEFAULT CHARSET=latin1;
/*!40101 SET character_set_client = @saved_cs_client */;

--
-- Dumping data for table `author`
--

LOCK TABLES `author` WRITE;
/*!40000 ALTER TABLE `author` DISABLE KEYS */;
INSERT INTO `author` VALUES (1,'Tadesse ','Alemayehu','mr','Full stack developer ','email24t@gmail.com','123','./files/blogsData/images/profilePicture/profile1.png'),(2,'Tadesse1','Alemayehu','mr','programmer','itsamateriflife@gmail','222',NULL);
/*!40000 ALTER TABLE `author` ENABLE KEYS */;
UNLOCK TABLES;

--
-- Table structure for table `blog`
--

DROP TABLE IF EXISTS `blog`;
/*!40101 SET @saved_cs_client     = @@character_set_client */;
/*!50503 SET character_set_client = utf8mb4 */;
CREATE TABLE `blog` (
  `id` int NOT NULL AUTO_INCREMENT,
  `timeof` datetime NOT NULL DEFAULT CURRENT_TIMESTAMP,
  `author` int DEFAULT NULL,
  `title` varchar(255) NOT NULL,
  `type` varchar(255) NOT NULL,
  `cover` varchar(255) DEFAULT 'files/blogsData/images/blogCover/default.png',
  PRIMARY KEY (`id`) USING BTREE,
  KEY `author` (`author`) USING BTREE,
  CONSTRAINT `blog_ibfk_1` FOREIGN KEY (`author`) REFERENCES `author` (`id`) ON DELETE RESTRICT
) ENGINE=InnoDB AUTO_INCREMENT=38 DEFAULT CHARSET=latin1;
/*!40101 SET character_set_client = @saved_cs_client */;

--
-- Dumping data for table `blog`
--

LOCK TABLES `blog` WRITE;
/*!40000 ALTER TABLE `blog` DISABLE KEYS */;
INSERT INTO `blog` VALUES (1,'2021-12-01 15:50:27',1,' paragraph     ','technical skill',NULL),(2,'2021-12-01 15:52:29',1,' paragraph     ','technical skill',NULL),(3,'2021-12-01 15:52:30',1,' paragraph     ','technical skill',NULL),(4,'2021-12-01 15:52:33',1,' paragraph     ','technical skill',NULL),(5,'2021-12-01 15:52:33',1,' paragraph     ','technical skill',NULL),(6,'2021-12-01 15:52:34',1,' paragraph     ','technical skill',NULL),(7,'2021-12-01 15:52:35',1,' paragraph     ','technical skill',NULL),(8,'2021-12-01 15:52:35',1,' paragraph     ','technical skill',NULL),(9,'2021-12-01 15:52:36',1,' paragraph     ','technical skill',NULL),(10,'2021-12-01 15:52:37',1,' paragraph     ','technical skill',NULL),(11,'2021-12-01 22:51:47',2,'Contend      ','About a mac ',NULL),(12,'2021-12-01 23:32:23',2,'Contend                ','About a mac ',NULL),(13,'2021-12-03 17:32:48',NULL,'  you  can be an autho          ','about authoring',NULL),(14,'2021-12-03 17:38:45',NULL,'  you  can be an autho           ','about authoring',NULL),(15,'2021-12-03 17:39:17',NULL,'  you  can be an autho            ','about authoring',NULL),(16,'2021-12-03 19:39:41',NULL,' xcvxcvxcv ','xcvxcv',NULL),(17,'2021-12-03 20:19:29',NULL,'How to stay motivated.  ','Programing',NULL),(18,'2021-12-09 16:10:59',NULL,' ddd','ddd',NULL),(19,'2021-12-09 19:18:25',1,' sadfgdgdfg','dfg',NULL),(20,'2021-12-09 19:20:13',1,'  ',' ',NULL),(21,'2021-12-09 19:24:59',1,'      bbbbb  ','      bbbbb ',NULL),(22,'2021-12-09 19:58:16',1,' ffff            ',' ffff          ','default'),(23,'2021-12-09 20:00:52',1,' ffff                    ',' ffff                 ','files/blogsData/images/blogCover/oo26iej6cf4b3ns4tb8pqso2ij_cover.png.png'),(24,'2021-12-09 20:02:44',1,'  ',' ','files/blogsData/images/blogCover/oo26iej6cf4b3ns4tb8pqso2ij_cover.png'),(25,'2021-12-09 20:06:54',1,'  ',' ','files/blogsData/images/blogCover/oo26iej6cf4b3ns4tb8pqso2ij_cover.png'),(26,'2021-12-09 20:51:40',1,' fsadfsdf           ',' fsadfsdf          ','files/blogsData/images/blogCover/oo26iej6cf4b3ns4tb8pqso2ij_cover.png'),(27,'2021-12-09 20:56:28',1,'   ',' ','files/blogsData/images/blogCover/oo26iej6cf4b3ns4tb8pqso2ij_cover.png'),(28,'2021-12-09 20:57:22',1,' tertert','ertwer','default'),(29,'2021-12-09 20:57:43',1,' tertert ',' tertert','files/blogsData/images/blogCover/m2ghvahe20cd5cr6ditj7pke9k_cover.png'),(30,'2021-12-09 20:59:21',1,' tyu ',' tyu','files/blogsData/images/blogCover/m2ghvahe20cd5cr6ditj7pke9k_cover.png'),(31,'2021-12-09 20:59:59',1,' xxxx','xxx','default'),(32,'2021-12-09 21:15:06',1,' ccc','ccc','files/blogsData/images/blogCover/default.png'),(33,'2021-12-09 22:18:28',1,' vvv                   ',' vvv  ','files/blogsData/images/blogCover/v5j18rni75hmgpqvn3sj09bbv3_cover.png'),(34,'2021-12-09 23:34:44',1,' iyuiyui ',' iyuiyui','files/blogsData/images/blogCover/v5j18rni75hmgpqvn3sj09bbv3_cover.png'),(35,'2021-12-09 23:58:33',1,'   bbbb ','   bbbb','files/blogsData/images/blogCover/v5j18rni75hmgpqvn3sj09bbv3_cover.png'),(36,'2021-12-10 00:02:01',1,' dfgdfg ',' dfgdfg','files/blogsData/images/blogCover/v5j18rni75hmgpqvn3sj09bbv3_cover.png'),(37,'2021-12-10 00:02:43',1,' dfgdfg ',' dfgdfg','files/blogsData/images/blogCover/v5j18rni75hmgpqvn3sj09bbv3_cover.png');
/*!40000 ALTER TABLE `blog` ENABLE KEYS */;
UNLOCK TABLES;
/*!50003 SET @saved_cs_client      = @@character_set_client */ ;
/*!50003 SET @saved_cs_results     = @@character_set_results */ ;
/*!50003 SET @saved_col_connection = @@collation_connection */ ;
/*!50003 SET character_set_client  = utf8mb4 */ ;
/*!50003 SET character_set_results = utf8mb4 */ ;
/*!50003 SET collation_connection  = utf8mb4_0900_ai_ci */ ;
/*!50003 SET @saved_sql_mode       = @@sql_mode */ ;
/*!50003 SET sql_mode              = 'STRICT_TRANS_TABLES,NO_ENGINE_SUBSTITUTION' */ ;
DELIMITER ;;
/*!50003 CREATE*/ /*!50017 DEFINER=`network`@`%`*/ /*!50003 TRIGGER `beforeInsertBlog` BEFORE INSERT ON `blog` FOR EACH ROW begin 
if NEW.cover='default' then set NEW.cover="files/blogsData/images/blogCover/default.png";
end if;
end */;;
DELIMITER ;
/*!50003 SET sql_mode              = @saved_sql_mode */ ;
/*!50003 SET character_set_client  = @saved_cs_client */ ;
/*!50003 SET character_set_results = @saved_cs_results */ ;
/*!50003 SET collation_connection  = @saved_col_connection */ ;

--
-- Table structure for table `content`
--

DROP TABLE IF EXISTS `content`;
/*!40101 SET @saved_cs_client     = @@character_set_client */;
/*!50503 SET character_set_client = utf8mb4 */;
CREATE TABLE `content` (
  `id` int NOT NULL AUTO_INCREMENT,
  `Bid` int DEFAULT NULL,
  `orderOf` double NOT NULL,
  `contentType` int DEFAULT NULL,
  `content` text CHARACTER SET latin1 COLLATE latin1_swedish_ci,
  `remark` varchar(50) DEFAULT NULL,
  PRIMARY KEY (`id`),
  KEY `Bid` (`Bid`) USING BTREE,
  CONSTRAINT `content_ibfk_1` FOREIGN KEY (`Bid`) REFERENCES `blog` (`id`)
) ENGINE=InnoDB AUTO_INCREMENT=160 DEFAULT CHARSET=latin1;
/*!40101 SET character_set_client = @saved_cs_client */;

--
-- Dumping data for table `content`
--

LOCK TABLES `content` WRITE;
/*!40000 ALTER TABLE `content` DISABLE KEYS */;
INSERT INTO `content` VALUES (1,1,0,1,'this is paragraph this is paragraph this is paragraph this is paragraph this is paragraph this is paragraph this is paragraph this is paragraph this is paragraph this is paragraph this is paragraph this is paragraph this is paragraph this is paragraph this is paragraph this is paragraph this is paragraph this is paragraph this is paragraph this is paragraph this is paragraph\r\nthis is paragraph this is paragraph this is paragraph this is paragraph this is paragraph this is paragraph this is paragraph this is paragraph this is paragraph this is paragraph this is paragraph this is paragraph this is paragraph this is paragraph this is paragraph this is paragraph this is paragraph this is paragraph this is paragraph this is paragraph this is paragraph\r\nthis is paragraph this is paragraph this is paragraph this is paragraph this is paragraph this is paragraph this is paragraph this is paragraph this is paragraph this is paragraph this is paragraph this is paragraph this is paragraph this is paragraph this is paragraph this is paragraph this is paragraph this is paragraph this is paragraph this is paragraph this is paragraph\r\n\r\nthis is paragraph this is paragraph this is paragraph this is paragraph this is paragraph this is paragraph this is paragraph this is paragraph this is paragraph this is paragraph this is paragraph this is paragraph this is paragraph this is paragraph this is paragraph this is paragraph this is paragraph this is paragraph this is paragraph this is paragraph this is paragraph\r\n\r\nthis is paragraph this is paragraph this is paragraph this is paragraph this is paragraph this is paragraph this is paragraph this is paragraph this is paragraph this is paragraph this is paragraph this is paragraph this is paragraph this is paragraph this is paragraph this is paragraph this is paragraph this is paragraph this is paragraph this is paragraph this is paragraph',NULL),(2,1,1,1,'this is paragraph this is paragraph this is paragraph this is paragraph this is paragraph this is paragraph this is paragraph this is paragraph this is paragraph this is paragraph this is paragraph this is paragraph this is paragraph this is paragraph this is paragraph this is paragraph this is paragraph this is paragraph this is paragraph this is paragraph this is paragraphthis is paragraph this is paragraph this is paragraph this is paragraph this is paragraph this is paragraph this is paragraph this is paragraph this is paragraph this is paragraph this is paragraph this is paragraph this is paragraph this is paragraph this is paragraph this is paragraph this is paragraph this is paragraph this is paragraph this is paragraph this is paragraph\r\nthis is paragraph this is paragraph this is paragraph this is paragraph this is paragraph this is paragraph this is paragraph this is paragraph this is paragraph this is paragraph this is paragraph this is paragraph this is paragraph this is paragraph this is paragraph this is paragraph this is paragraph this is paragraph this is paragraph this is paragraph this is paragraph\r\n\r\nthis is paragraph this is paragraph this is paragraph this is paragraph this is paragraph this is paragraph this is paragraph this is paragraph this is paragraph this is paragraph this is paragraph this is paragraph this is paragraph this is paragraph this is paragraph this is paragraph this is paragraph this is paragraph this is paragraph this is paragraph this is paragraph',NULL),(3,1,2,1,'this is the last content this is the last content this is the last content this is the last content this is the last content this is the last content this is the last content this is the last content this is the last content this is the last content this is the last content this is the last content this is the last content \r\nthis is the last content this is the last content this is the last content this is the last content this is the last content this is the last content this is the last content this is the last content this is the last content this is the last content this is the last content this is the last content this is the last content \r\n\r\nthis is the last content this is the last content this is the last content this is the last content this is the last content this is the last content this is the last content this is the last content this is the last content this is the last content this is the last content this is the last content this is the last content this is the last content this is the last content this is the last content this is the last content this is the last content this is the last content this is the last content this is the last content this is the last content this is the last content this is the last content this is the last content this is the last content ',NULL),(4,1,0.1638362783,2,'function saveDataToDatabase()\r\n{\r\n    if (!isset($_SESSION[\'title\']) || !isset($_SESSION[\'type\'])) {\r\n        return &quot;requiered fileds are empity&quot;;\r\n    }\r\n    $author = isset($_SESSION[\'userId\']) ? $_SESSION[\'userId\'] : &quot;default&quot;;\r\n    $title = $_SESSION[\'title\'];\r\n    $type = $_SESSION[\'type\'];\r\n    // echo $title . &quot; &quot; . $type;\r\n    $con = mysqli_connect($_SESSION[\'conInfo\'][0], $_SESSION[\'conInfo\'][1], $_SESSION[\'conInfo\'][2], $_SESSION[\'conInfo\'][3]);\r\n    mysqli_query($con, &quot; LOCK TABLES `blog` WRITE&quot;);\r\n    $res = mysqli_query($con, &quot;insert into blog(author, Title, type) values($author, \'$title\', \'$type\');&quot;);\r\n    if ($res != 1) {\r\n        mysqli_query($con, &quot; UNLOCK TABLES&quot;);\r\n        return &quot;cant write to the database&quot;;\r\n    }\r\n    $res = mysqli_query($con, &quot;select max(id) as thisBlogId from  blog&quot;);\r\n    mysqli_query($con, &quot;UNLOCK TABLES&quot;);\r\n    $BlogId = mysqli_fetch_assoc($res)[&quot;thisBlogId&quot;];\r\n\r\n    for ($i = 0; $i &lt; sizeof($_SESSION[&quot;textArea&quot;]); $i++) :\r\n        $text = $_SESSION[&quot;textArea&quot;][$i];\r\n        $res = mysqli_query($con, &quot;insert into content(Bid,orderOf,contentType,content) values($BlogId,$i,1,\'$text\')&quot;);\r\n    // insert into content(Bid,orderOf,contentType,content) values(1,-0.8361730166,1,&quot;When &quot;);\r\n    // echo $_SESSION[&quot;textArea&quot;][$i] . &quot;&lt;br/&gt;&quot;;\r\n    endfor;\r\n    $keys = array_keys($_SESSION[\'order\']);\r\n    foreach ($keys as $key) :\r\n        $content = &quot;&quot;;\r\n        $contentType = 2;\r\n        $remark = &quot;not set&quot;;\r\n        if (explode(&quot;_&quot;, $_SESSION[&quot;order&quot;][$key][0])[0] == &quot;image&quot;) {\r\n            $content = &quot;files/blogsData/tempoUpload/$key.png&quot;;\r\n            $contentType = 3;\r\n        } else {\r\n            $content = mysqli_real_escape_string($con, $_SESSION[&quot;order&quot;][$key][1][&quot;content&quot;]);\r\n            $remark = $_SESSION[&quot;order&quot;][$key][1][&quot;language&quot;];\r\n        }\r\n        //  = explode(&quot;_&quot;, $_SESSION[&quot;order&quot;][$key][0])[0] == &quot;image&quot; ? 3 : 2;\r\n        $res = mysqli_query($con, &quot;insert into content(Bid,orderOf,contentType,content,remark) values($BlogId,$key,$contentType,\'$content\',\'$remark\')&quot;);\r\n        echo print_r($key) . &quot;&lt;br/&gt;&quot;;\r\n    endforeach;\r\n    return &quot;sucess&quot;;\r\n}','PHP'),(5,1,1.163836298,3,'files/blogsData/tempoUpload/1.163836298.png','not set'),(6,2,0,1,'this is paragraph this is paragraph this is paragraph this is paragraph this is paragraph this is paragraph this is paragraph this is paragraph this is paragraph this is paragraph this is paragraph this is paragraph this is paragraph this is paragraph this is paragraph this is paragraph this is paragraph this is paragraph this is paragraph this is paragraph this is paragraph\r\nthis is paragraph this is paragraph this is paragraph this is paragraph this is paragraph this is paragraph this is paragraph this is paragraph this is paragraph this is paragraph this is paragraph this is paragraph this is paragraph this is paragraph this is paragraph this is paragraph this is paragraph this is paragraph this is paragraph this is paragraph this is paragraph\r\nthis is paragraph this is paragraph this is paragraph this is paragraph this is paragraph this is paragraph this is paragraph this is paragraph this is paragraph this is paragraph this is paragraph this is paragraph this is paragraph this is paragraph this is paragraph this is paragraph this is paragraph this is paragraph this is paragraph this is paragraph this is paragraph\r\n\r\nthis is paragraph this is paragraph this is paragraph this is paragraph this is paragraph this is paragraph this is paragraph this is paragraph this is paragraph this is paragraph this is paragraph this is paragraph this is paragraph this is paragraph this is paragraph this is paragraph this is paragraph this is paragraph this is paragraph this is paragraph this is paragraph\r\n\r\nthis is paragraph this is paragraph this is paragraph this is paragraph this is paragraph this is paragraph this is paragraph this is paragraph this is paragraph this is paragraph this is paragraph this is paragraph this is paragraph this is paragraph this is paragraph this is paragraph this is paragraph this is paragraph this is paragraph this is paragraph this is paragraph',NULL),(7,2,1,1,'this is paragraph this is paragraph this is paragraph this is paragraph this is paragraph this is paragraph this is paragraph this is paragraph this is paragraph this is paragraph this is paragraph this is paragraph this is paragraph this is paragraph this is paragraph this is paragraph this is paragraph this is paragraph this is paragraph this is paragraph this is paragraphthis is paragraph this is paragraph this is paragraph this is paragraph this is paragraph this is paragraph this is paragraph this is paragraph this is paragraph this is paragraph this is paragraph this is paragraph this is paragraph this is paragraph this is paragraph this is paragraph this is paragraph this is paragraph this is paragraph this is paragraph this is paragraph\r\nthis is paragraph this is paragraph this is paragraph this is paragraph this is paragraph this is paragraph this is paragraph this is paragraph this is paragraph this is paragraph this is paragraph this is paragraph this is paragraph this is paragraph this is paragraph this is paragraph this is paragraph this is paragraph this is paragraph this is paragraph this is paragraph\r\n\r\nthis is paragraph this is paragraph this is paragraph this is paragraph this is paragraph this is paragraph this is paragraph this is paragraph this is paragraph this is paragraph this is paragraph this is paragraph this is paragraph this is paragraph this is paragraph this is paragraph this is paragraph this is paragraph this is paragraph this is paragraph this is paragraph',NULL),(8,2,2,1,'this is the last content this is the last content this is the last content this is the last content this is the last content this is the last content this is the last content this is the last content this is the last content this is the last content this is the last content this is the last content this is the last content \r\nthis is the last content this is the last content this is the last content this is the last content this is the last content this is the last content this is the last content this is the last content this is the last content this is the last content this is the last content this is the last content this is the last content \r\n\r\nthis is the last content this is the last content this is the last content this is the last content this is the last content this is the last content this is the last content this is the last content this is the last content this is the last content this is the last content this is the last content this is the last content this is the last content this is the last content this is the last content this is the last content this is the last content this is the last content this is the last content this is the last content this is the last content this is the last content this is the last content this is the last content this is the last content ',NULL),(9,2,0.1638362783,2,'function saveDataToDatabase()\r\n{\r\n    if (!isset($_SESSION[\'title\']) || !isset($_SESSION[\'type\'])) {\r\n        return &quot;requiered fileds are empity&quot;;\r\n    }\r\n    $author = isset($_SESSION[\'userId\']) ? $_SESSION[\'userId\'] : &quot;default&quot;;\r\n    $title = $_SESSION[\'title\'];\r\n    $type = $_SESSION[\'type\'];\r\n    // echo $title . &quot; &quot; . $type;\r\n    $con = mysqli_connect($_SESSION[\'conInfo\'][0], $_SESSION[\'conInfo\'][1], $_SESSION[\'conInfo\'][2], $_SESSION[\'conInfo\'][3]);\r\n    mysqli_query($con, &quot; LOCK TABLES `blog` WRITE&quot;);\r\n    $res = mysqli_query($con, &quot;insert into blog(author, Title, type) values($author, \'$title\', \'$type\');&quot;);\r\n    if ($res != 1) {\r\n        mysqli_query($con, &quot; UNLOCK TABLES&quot;);\r\n        return &quot;cant write to the database&quot;;\r\n    }\r\n    $res = mysqli_query($con, &quot;select max(id) as thisBlogId from  blog&quot;);\r\n    mysqli_query($con, &quot;UNLOCK TABLES&quot;);\r\n    $BlogId = mysqli_fetch_assoc($res)[&quot;thisBlogId&quot;];\r\n\r\n    for ($i = 0; $i &lt; sizeof($_SESSION[&quot;textArea&quot;]); $i++) :\r\n        $text = $_SESSION[&quot;textArea&quot;][$i];\r\n        $res = mysqli_query($con, &quot;insert into content(Bid,orderOf,contentType,content) values($BlogId,$i,1,\'$text\')&quot;);\r\n    // insert into content(Bid,orderOf,contentType,content) values(1,-0.8361730166,1,&quot;When &quot;);\r\n    // echo $_SESSION[&quot;textArea&quot;][$i] . &quot;&lt;br/&gt;&quot;;\r\n    endfor;\r\n    $keys = array_keys($_SESSION[\'order\']);\r\n    foreach ($keys as $key) :\r\n        $content = &quot;&quot;;\r\n        $contentType = 2;\r\n        $remark = &quot;not set&quot;;\r\n        if (explode(&quot;_&quot;, $_SESSION[&quot;order&quot;][$key][0])[0] == &quot;image&quot;) {\r\n            $content = &quot;files/blogsData/tempoUpload/$key.png&quot;;\r\n            $contentType = 3;\r\n        } else {\r\n            $content = mysqli_real_escape_string($con, $_SESSION[&quot;order&quot;][$key][1][&quot;content&quot;]);\r\n            $remark = $_SESSION[&quot;order&quot;][$key][1][&quot;language&quot;];\r\n        }\r\n        //  = explode(&quot;_&quot;, $_SESSION[&quot;order&quot;][$key][0])[0] == &quot;image&quot; ? 3 : 2;\r\n        $res = mysqli_query($con, &quot;insert into content(Bid,orderOf,contentType,content,remark) values($BlogId,$key,$contentType,\'$content\',\'$remark\')&quot;);\r\n        echo print_r($key) . &quot;&lt;br/&gt;&quot;;\r\n    endforeach;\r\n    return &quot;sucess&quot;;\r\n}','PHP'),(10,2,1.163836298,3,'files/blogsData/tempoUpload/1.163836298.png','not set'),(11,3,0,1,'this is paragraph this is paragraph this is paragraph this is paragraph this is paragraph this is paragraph this is paragraph this is paragraph this is paragraph this is paragraph this is paragraph this is paragraph this is paragraph this is paragraph this is paragraph this is paragraph this is paragraph this is paragraph this is paragraph this is paragraph this is paragraph\r\nthis is paragraph this is paragraph this is paragraph this is paragraph this is paragraph this is paragraph this is paragraph this is paragraph this is paragraph this is paragraph this is paragraph this is paragraph this is paragraph this is paragraph this is paragraph this is paragraph this is paragraph this is paragraph this is paragraph this is paragraph this is paragraph\r\nthis is paragraph this is paragraph this is paragraph this is paragraph this is paragraph this is paragraph this is paragraph this is paragraph this is paragraph this is paragraph this is paragraph this is paragraph this is paragraph this is paragraph this is paragraph this is paragraph this is paragraph this is paragraph this is paragraph this is paragraph this is paragraph\r\n\r\nthis is paragraph this is paragraph this is paragraph this is paragraph this is paragraph this is paragraph this is paragraph this is paragraph this is paragraph this is paragraph this is paragraph this is paragraph this is paragraph this is paragraph this is paragraph this is paragraph this is paragraph this is paragraph this is paragraph this is paragraph this is paragraph\r\n\r\nthis is paragraph this is paragraph this is paragraph this is paragraph this is paragraph this is paragraph this is paragraph this is paragraph this is paragraph this is paragraph this is paragraph this is paragraph this is paragraph this is paragraph this is paragraph this is paragraph this is paragraph this is paragraph this is paragraph this is paragraph this is paragraph',NULL),(12,3,1,1,'this is paragraph this is paragraph this is paragraph this is paragraph this is paragraph this is paragraph this is paragraph this is paragraph this is paragraph this is paragraph this is paragraph this is paragraph this is paragraph this is paragraph this is paragraph this is paragraph this is paragraph this is paragraph this is paragraph this is paragraph this is paragraphthis is paragraph this is paragraph this is paragraph this is paragraph this is paragraph this is paragraph this is paragraph this is paragraph this is paragraph this is paragraph this is paragraph this is paragraph this is paragraph this is paragraph this is paragraph this is paragraph this is paragraph this is paragraph this is paragraph this is paragraph this is paragraph\r\nthis is paragraph this is paragraph this is paragraph this is paragraph this is paragraph this is paragraph this is paragraph this is paragraph this is paragraph this is paragraph this is paragraph this is paragraph this is paragraph this is paragraph this is paragraph this is paragraph this is paragraph this is paragraph this is paragraph this is paragraph this is paragraph\r\n\r\nthis is paragraph this is paragraph this is paragraph this is paragraph this is paragraph this is paragraph this is paragraph this is paragraph this is paragraph this is paragraph this is paragraph this is paragraph this is paragraph this is paragraph this is paragraph this is paragraph this is paragraph this is paragraph this is paragraph this is paragraph this is paragraph',NULL),(13,3,2,1,'this is the last content this is the last content this is the last content this is the last content this is the last content this is the last content this is the last content this is the last content this is the last content this is the last content this is the last content this is the last content this is the last content \r\nthis is the last content this is the last content this is the last content this is the last content this is the last content this is the last content this is the last content this is the last content this is the last content this is the last content this is the last content this is the last content this is the last content \r\n\r\nthis is the last content this is the last content this is the last content this is the last content this is the last content this is the last content this is the last content this is the last content this is the last content this is the last content this is the last content this is the last content this is the last content this is the last content this is the last content this is the last content this is the last content this is the last content this is the last content this is the last content this is the last content this is the last content this is the last content this is the last content this is the last content this is the last content ',NULL),(14,3,0.1638362783,2,'function saveDataToDatabase()\r\n{\r\n    if (!isset($_SESSION[\'title\']) || !isset($_SESSION[\'type\'])) {\r\n        return &quot;requiered fileds are empity&quot;;\r\n    }\r\n    $author = isset($_SESSION[\'userId\']) ? $_SESSION[\'userId\'] : &quot;default&quot;;\r\n    $title = $_SESSION[\'title\'];\r\n    $type = $_SESSION[\'type\'];\r\n    // echo $title . &quot; &quot; . $type;\r\n    $con = mysqli_connect($_SESSION[\'conInfo\'][0], $_SESSION[\'conInfo\'][1], $_SESSION[\'conInfo\'][2], $_SESSION[\'conInfo\'][3]);\r\n    mysqli_query($con, &quot; LOCK TABLES `blog` WRITE&quot;);\r\n    $res = mysqli_query($con, &quot;insert into blog(author, Title, type) values($author, \'$title\', \'$type\');&quot;);\r\n    if ($res != 1) {\r\n        mysqli_query($con, &quot; UNLOCK TABLES&quot;);\r\n        return &quot;cant write to the database&quot;;\r\n    }\r\n    $res = mysqli_query($con, &quot;select max(id) as thisBlogId from  blog&quot;);\r\n    mysqli_query($con, &quot;UNLOCK TABLES&quot;);\r\n    $BlogId = mysqli_fetch_assoc($res)[&quot;thisBlogId&quot;];\r\n\r\n    for ($i = 0; $i &lt; sizeof($_SESSION[&quot;textArea&quot;]); $i++) :\r\n        $text = $_SESSION[&quot;textArea&quot;][$i];\r\n        $res = mysqli_query($con, &quot;insert into content(Bid,orderOf,contentType,content) values($BlogId,$i,1,\'$text\')&quot;);\r\n    // insert into content(Bid,orderOf,contentType,content) values(1,-0.8361730166,1,&quot;When &quot;);\r\n    // echo $_SESSION[&quot;textArea&quot;][$i] . &quot;&lt;br/&gt;&quot;;\r\n    endfor;\r\n    $keys = array_keys($_SESSION[\'order\']);\r\n    foreach ($keys as $key) :\r\n        $content = &quot;&quot;;\r\n        $contentType = 2;\r\n        $remark = &quot;not set&quot;;\r\n        if (explode(&quot;_&quot;, $_SESSION[&quot;order&quot;][$key][0])[0] == &quot;image&quot;) {\r\n            $content = &quot;files/blogsData/tempoUpload/$key.png&quot;;\r\n            $contentType = 3;\r\n        } else {\r\n            $content = mysqli_real_escape_string($con, $_SESSION[&quot;order&quot;][$key][1][&quot;content&quot;]);\r\n            $remark = $_SESSION[&quot;order&quot;][$key][1][&quot;language&quot;];\r\n        }\r\n        //  = explode(&quot;_&quot;, $_SESSION[&quot;order&quot;][$key][0])[0] == &quot;image&quot; ? 3 : 2;\r\n        $res = mysqli_query($con, &quot;insert into content(Bid,orderOf,contentType,content,remark) values($BlogId,$key,$contentType,\'$content\',\'$remark\')&quot;);\r\n        echo print_r($key) . &quot;&lt;br/&gt;&quot;;\r\n    endforeach;\r\n    return &quot;sucess&quot;;\r\n}','PHP'),(15,3,1.163836298,3,'files/blogsData/tempoUpload/1.163836298.png','not set'),(16,4,0,1,'this is paragraph this is paragraph this is paragraph this is paragraph this is paragraph this is paragraph this is paragraph this is paragraph this is paragraph this is paragraph this is paragraph this is paragraph this is paragraph this is paragraph this is paragraph this is paragraph this is paragraph this is paragraph this is paragraph this is paragraph this is paragraph\r\nthis is paragraph this is paragraph this is paragraph this is paragraph this is paragraph this is paragraph this is paragraph this is paragraph this is paragraph this is paragraph this is paragraph this is paragraph this is paragraph this is paragraph this is paragraph this is paragraph this is paragraph this is paragraph this is paragraph this is paragraph this is paragraph\r\nthis is paragraph this is paragraph this is paragraph this is paragraph this is paragraph this is paragraph this is paragraph this is paragraph this is paragraph this is paragraph this is paragraph this is paragraph this is paragraph this is paragraph this is paragraph this is paragraph this is paragraph this is paragraph this is paragraph this is paragraph this is paragraph\r\n\r\nthis is paragraph this is paragraph this is paragraph this is paragraph this is paragraph this is paragraph this is paragraph this is paragraph this is paragraph this is paragraph this is paragraph this is paragraph this is paragraph this is paragraph this is paragraph this is paragraph this is paragraph this is paragraph this is paragraph this is paragraph this is paragraph\r\n\r\nthis is paragraph this is paragraph this is paragraph this is paragraph this is paragraph this is paragraph this is paragraph this is paragraph this is paragraph this is paragraph this is paragraph this is paragraph this is paragraph this is paragraph this is paragraph this is paragraph this is paragraph this is paragraph this is paragraph this is paragraph this is paragraph',NULL),(17,4,1,1,'this is paragraph this is paragraph this is paragraph this is paragraph this is paragraph this is paragraph this is paragraph this is paragraph this is paragraph this is paragraph this is paragraph this is paragraph this is paragraph this is paragraph this is paragraph this is paragraph this is paragraph this is paragraph this is paragraph this is paragraph this is paragraphthis is paragraph this is paragraph this is paragraph this is paragraph this is paragraph this is paragraph this is paragraph this is paragraph this is paragraph this is paragraph this is paragraph this is paragraph this is paragraph this is paragraph this is paragraph this is paragraph this is paragraph this is paragraph this is paragraph this is paragraph this is paragraph\r\nthis is paragraph this is paragraph this is paragraph this is paragraph this is paragraph this is paragraph this is paragraph this is paragraph this is paragraph this is paragraph this is paragraph this is paragraph this is paragraph this is paragraph this is paragraph this is paragraph this is paragraph this is paragraph this is paragraph this is paragraph this is paragraph\r\n\r\nthis is paragraph this is paragraph this is paragraph this is paragraph this is paragraph this is paragraph this is paragraph this is paragraph this is paragraph this is paragraph this is paragraph this is paragraph this is paragraph this is paragraph this is paragraph this is paragraph this is paragraph this is paragraph this is paragraph this is paragraph this is paragraph',NULL),(18,4,2,1,'this is the last content this is the last content this is the last content this is the last content this is the last content this is the last content this is the last content this is the last content this is the last content this is the last content this is the last content this is the last content this is the last content \r\nthis is the last content this is the last content this is the last content this is the last content this is the last content this is the last content this is the last content this is the last content this is the last content this is the last content this is the last content this is the last content this is the last content \r\n\r\nthis is the last content this is the last content this is the last content this is the last content this is the last content this is the last content this is the last content this is the last content this is the last content this is the last content this is the last content this is the last content this is the last content this is the last content this is the last content this is the last content this is the last content this is the last content this is the last content this is the last content this is the last content this is the last content this is the last content this is the last content this is the last content this is the last content ',NULL),(19,4,0.1638362783,2,'function saveDataToDatabase()\r\n{\r\n    if (!isset($_SESSION[\'title\']) || !isset($_SESSION[\'type\'])) {\r\n        return &quot;requiered fileds are empity&quot;;\r\n    }\r\n    $author = isset($_SESSION[\'userId\']) ? $_SESSION[\'userId\'] : &quot;default&quot;;\r\n    $title = $_SESSION[\'title\'];\r\n    $type = $_SESSION[\'type\'];\r\n    // echo $title . &quot; &quot; . $type;\r\n    $con = mysqli_connect($_SESSION[\'conInfo\'][0], $_SESSION[\'conInfo\'][1], $_SESSION[\'conInfo\'][2], $_SESSION[\'conInfo\'][3]);\r\n    mysqli_query($con, &quot; LOCK TABLES `blog` WRITE&quot;);\r\n    $res = mysqli_query($con, &quot;insert into blog(author, Title, type) values($author, \'$title\', \'$type\');&quot;);\r\n    if ($res != 1) {\r\n        mysqli_query($con, &quot; UNLOCK TABLES&quot;);\r\n        return &quot;cant write to the database&quot;;\r\n    }\r\n    $res = mysqli_query($con, &quot;select max(id) as thisBlogId from  blog&quot;);\r\n    mysqli_query($con, &quot;UNLOCK TABLES&quot;);\r\n    $BlogId = mysqli_fetch_assoc($res)[&quot;thisBlogId&quot;];\r\n\r\n    for ($i = 0; $i &lt; sizeof($_SESSION[&quot;textArea&quot;]); $i++) :\r\n        $text = $_SESSION[&quot;textArea&quot;][$i];\r\n        $res = mysqli_query($con, &quot;insert into content(Bid,orderOf,contentType,content) values($BlogId,$i,1,\'$text\')&quot;);\r\n    // insert into content(Bid,orderOf,contentType,content) values(1,-0.8361730166,1,&quot;When &quot;);\r\n    // echo $_SESSION[&quot;textArea&quot;][$i] . &quot;&lt;br/&gt;&quot;;\r\n    endfor;\r\n    $keys = array_keys($_SESSION[\'order\']);\r\n    foreach ($keys as $key) :\r\n        $content = &quot;&quot;;\r\n        $contentType = 2;\r\n        $remark = &quot;not set&quot;;\r\n        if (explode(&quot;_&quot;, $_SESSION[&quot;order&quot;][$key][0])[0] == &quot;image&quot;) {\r\n            $content = &quot;files/blogsData/tempoUpload/$key.png&quot;;\r\n            $contentType = 3;\r\n        } else {\r\n            $content = mysqli_real_escape_string($con, $_SESSION[&quot;order&quot;][$key][1][&quot;content&quot;]);\r\n            $remark = $_SESSION[&quot;order&quot;][$key][1][&quot;language&quot;];\r\n        }\r\n        //  = explode(&quot;_&quot;, $_SESSION[&quot;order&quot;][$key][0])[0] == &quot;image&quot; ? 3 : 2;\r\n        $res = mysqli_query($con, &quot;insert into content(Bid,orderOf,contentType,content,remark) values($BlogId,$key,$contentType,\'$content\',\'$remark\')&quot;);\r\n        echo print_r($key) . &quot;&lt;br/&gt;&quot;;\r\n    endforeach;\r\n    return &quot;sucess&quot;;\r\n}','PHP'),(20,4,1.163836298,3,'files/blogsData/tempoUpload/1.163836298.png','not set'),(21,5,0,1,'this is paragraph this is paragraph this is paragraph this is paragraph this is paragraph this is paragraph this is paragraph this is paragraph this is paragraph this is paragraph this is paragraph this is paragraph this is paragraph this is paragraph this is paragraph this is paragraph this is paragraph this is paragraph this is paragraph this is paragraph this is paragraph\r\nthis is paragraph this is paragraph this is paragraph this is paragraph this is paragraph this is paragraph this is paragraph this is paragraph this is paragraph this is paragraph this is paragraph this is paragraph this is paragraph this is paragraph this is paragraph this is paragraph this is paragraph this is paragraph this is paragraph this is paragraph this is paragraph\r\nthis is paragraph this is paragraph this is paragraph this is paragraph this is paragraph this is paragraph this is paragraph this is paragraph this is paragraph this is paragraph this is paragraph this is paragraph this is paragraph this is paragraph this is paragraph this is paragraph this is paragraph this is paragraph this is paragraph this is paragraph this is paragraph\r\n\r\nthis is paragraph this is paragraph this is paragraph this is paragraph this is paragraph this is paragraph this is paragraph this is paragraph this is paragraph this is paragraph this is paragraph this is paragraph this is paragraph this is paragraph this is paragraph this is paragraph this is paragraph this is paragraph this is paragraph this is paragraph this is paragraph\r\n\r\nthis is paragraph this is paragraph this is paragraph this is paragraph this is paragraph this is paragraph this is paragraph this is paragraph this is paragraph this is paragraph this is paragraph this is paragraph this is paragraph this is paragraph this is paragraph this is paragraph this is paragraph this is paragraph this is paragraph this is paragraph this is paragraph',NULL),(22,5,1,1,'this is paragraph this is paragraph this is paragraph this is paragraph this is paragraph this is paragraph this is paragraph this is paragraph this is paragraph this is paragraph this is paragraph this is paragraph this is paragraph this is paragraph this is paragraph this is paragraph this is paragraph this is paragraph this is paragraph this is paragraph this is paragraphthis is paragraph this is paragraph this is paragraph this is paragraph this is paragraph this is paragraph this is paragraph this is paragraph this is paragraph this is paragraph this is paragraph this is paragraph this is paragraph this is paragraph this is paragraph this is paragraph this is paragraph this is paragraph this is paragraph this is paragraph this is paragraph\r\nthis is paragraph this is paragraph this is paragraph this is paragraph this is paragraph this is paragraph this is paragraph this is paragraph this is paragraph this is paragraph this is paragraph this is paragraph this is paragraph this is paragraph this is paragraph this is paragraph this is paragraph this is paragraph this is paragraph this is paragraph this is paragraph\r\n\r\nthis is paragraph this is paragraph this is paragraph this is paragraph this is paragraph this is paragraph this is paragraph this is paragraph this is paragraph this is paragraph this is paragraph this is paragraph this is paragraph this is paragraph this is paragraph this is paragraph this is paragraph this is paragraph this is paragraph this is paragraph this is paragraph',NULL),(23,5,2,1,'this is the last content this is the last content this is the last content this is the last content this is the last content this is the last content this is the last content this is the last content this is the last content this is the last content this is the last content this is the last content this is the last content \r\nthis is the last content this is the last content this is the last content this is the last content this is the last content this is the last content this is the last content this is the last content this is the last content this is the last content this is the last content this is the last content this is the last content \r\n\r\nthis is the last content this is the last content this is the last content this is the last content this is the last content this is the last content this is the last content this is the last content this is the last content this is the last content this is the last content this is the last content this is the last content this is the last content this is the last content this is the last content this is the last content this is the last content this is the last content this is the last content this is the last content this is the last content this is the last content this is the last content this is the last content this is the last content ',NULL),(24,5,0.1638362783,2,'function saveDataToDatabase()\r\n{\r\n    if (!isset($_SESSION[\'title\']) || !isset($_SESSION[\'type\'])) {\r\n        return &quot;requiered fileds are empity&quot;;\r\n    }\r\n    $author = isset($_SESSION[\'userId\']) ? $_SESSION[\'userId\'] : &quot;default&quot;;\r\n    $title = $_SESSION[\'title\'];\r\n    $type = $_SESSION[\'type\'];\r\n    // echo $title . &quot; &quot; . $type;\r\n    $con = mysqli_connect($_SESSION[\'conInfo\'][0], $_SESSION[\'conInfo\'][1], $_SESSION[\'conInfo\'][2], $_SESSION[\'conInfo\'][3]);\r\n    mysqli_query($con, &quot; LOCK TABLES `blog` WRITE&quot;);\r\n    $res = mysqli_query($con, &quot;insert into blog(author, Title, type) values($author, \'$title\', \'$type\');&quot;);\r\n    if ($res != 1) {\r\n        mysqli_query($con, &quot; UNLOCK TABLES&quot;);\r\n        return &quot;cant write to the database&quot;;\r\n    }\r\n    $res = mysqli_query($con, &quot;select max(id) as thisBlogId from  blog&quot;);\r\n    mysqli_query($con, &quot;UNLOCK TABLES&quot;);\r\n    $BlogId = mysqli_fetch_assoc($res)[&quot;thisBlogId&quot;];\r\n\r\n    for ($i = 0; $i &lt; sizeof($_SESSION[&quot;textArea&quot;]); $i++) :\r\n        $text = $_SESSION[&quot;textArea&quot;][$i];\r\n        $res = mysqli_query($con, &quot;insert into content(Bid,orderOf,contentType,content) values($BlogId,$i,1,\'$text\')&quot;);\r\n    // insert into content(Bid,orderOf,contentType,content) values(1,-0.8361730166,1,&quot;When &quot;);\r\n    // echo $_SESSION[&quot;textArea&quot;][$i] . &quot;&lt;br/&gt;&quot;;\r\n    endfor;\r\n    $keys = array_keys($_SESSION[\'order\']);\r\n    foreach ($keys as $key) :\r\n        $content = &quot;&quot;;\r\n        $contentType = 2;\r\n        $remark = &quot;not set&quot;;\r\n        if (explode(&quot;_&quot;, $_SESSION[&quot;order&quot;][$key][0])[0] == &quot;image&quot;) {\r\n            $content = &quot;files/blogsData/tempoUpload/$key.png&quot;;\r\n            $contentType = 3;\r\n        } else {\r\n            $content = mysqli_real_escape_string($con, $_SESSION[&quot;order&quot;][$key][1][&quot;content&quot;]);\r\n            $remark = $_SESSION[&quot;order&quot;][$key][1][&quot;language&quot;];\r\n        }\r\n        //  = explode(&quot;_&quot;, $_SESSION[&quot;order&quot;][$key][0])[0] == &quot;image&quot; ? 3 : 2;\r\n        $res = mysqli_query($con, &quot;insert into content(Bid,orderOf,contentType,content,remark) values($BlogId,$key,$contentType,\'$content\',\'$remark\')&quot;);\r\n        echo print_r($key) . &quot;&lt;br/&gt;&quot;;\r\n    endforeach;\r\n    return &quot;sucess&quot;;\r\n}','PHP'),(25,5,1.163836298,3,'files/blogsData/tempoUpload/1.163836298.png','not set'),(26,6,0,1,'this is paragraph this is paragraph this is paragraph this is paragraph this is paragraph this is paragraph this is paragraph this is paragraph this is paragraph this is paragraph this is paragraph this is paragraph this is paragraph this is paragraph this is paragraph this is paragraph this is paragraph this is paragraph this is paragraph this is paragraph this is paragraph\r\nthis is paragraph this is paragraph this is paragraph this is paragraph this is paragraph this is paragraph this is paragraph this is paragraph this is paragraph this is paragraph this is paragraph this is paragraph this is paragraph this is paragraph this is paragraph this is paragraph this is paragraph this is paragraph this is paragraph this is paragraph this is paragraph\r\nthis is paragraph this is paragraph this is paragraph this is paragraph this is paragraph this is paragraph this is paragraph this is paragraph this is paragraph this is paragraph this is paragraph this is paragraph this is paragraph this is paragraph this is paragraph this is paragraph this is paragraph this is paragraph this is paragraph this is paragraph this is paragraph\r\n\r\nthis is paragraph this is paragraph this is paragraph this is paragraph this is paragraph this is paragraph this is paragraph this is paragraph this is paragraph this is paragraph this is paragraph this is paragraph this is paragraph this is paragraph this is paragraph this is paragraph this is paragraph this is paragraph this is paragraph this is paragraph this is paragraph\r\n\r\nthis is paragraph this is paragraph this is paragraph this is paragraph this is paragraph this is paragraph this is paragraph this is paragraph this is paragraph this is paragraph this is paragraph this is paragraph this is paragraph this is paragraph this is paragraph this is paragraph this is paragraph this is paragraph this is paragraph this is paragraph this is paragraph',NULL),(27,6,1,1,'this is paragraph this is paragraph this is paragraph this is paragraph this is paragraph this is paragraph this is paragraph this is paragraph this is paragraph this is paragraph this is paragraph this is paragraph this is paragraph this is paragraph this is paragraph this is paragraph this is paragraph this is paragraph this is paragraph this is paragraph this is paragraphthis is paragraph this is paragraph this is paragraph this is paragraph this is paragraph this is paragraph this is paragraph this is paragraph this is paragraph this is paragraph this is paragraph this is paragraph this is paragraph this is paragraph this is paragraph this is paragraph this is paragraph this is paragraph this is paragraph this is paragraph this is paragraph\r\nthis is paragraph this is paragraph this is paragraph this is paragraph this is paragraph this is paragraph this is paragraph this is paragraph this is paragraph this is paragraph this is paragraph this is paragraph this is paragraph this is paragraph this is paragraph this is paragraph this is paragraph this is paragraph this is paragraph this is paragraph this is paragraph\r\n\r\nthis is paragraph this is paragraph this is paragraph this is paragraph this is paragraph this is paragraph this is paragraph this is paragraph this is paragraph this is paragraph this is paragraph this is paragraph this is paragraph this is paragraph this is paragraph this is paragraph this is paragraph this is paragraph this is paragraph this is paragraph this is paragraph',NULL),(28,6,2,1,'this is the last content this is the last content this is the last content this is the last content this is the last content this is the last content this is the last content this is the last content this is the last content this is the last content this is the last content this is the last content this is the last content \r\nthis is the last content this is the last content this is the last content this is the last content this is the last content this is the last content this is the last content this is the last content this is the last content this is the last content this is the last content this is the last content this is the last content \r\n\r\nthis is the last content this is the last content this is the last content this is the last content this is the last content this is the last content this is the last content this is the last content this is the last content this is the last content this is the last content this is the last content this is the last content this is the last content this is the last content this is the last content this is the last content this is the last content this is the last content this is the last content this is the last content this is the last content this is the last content this is the last content this is the last content this is the last content ',NULL),(29,6,0.1638362783,2,'function saveDataToDatabase()\r\n{\r\n    if (!isset($_SESSION[\'title\']) || !isset($_SESSION[\'type\'])) {\r\n        return &quot;requiered fileds are empity&quot;;\r\n    }\r\n    $author = isset($_SESSION[\'userId\']) ? $_SESSION[\'userId\'] : &quot;default&quot;;\r\n    $title = $_SESSION[\'title\'];\r\n    $type = $_SESSION[\'type\'];\r\n    // echo $title . &quot; &quot; . $type;\r\n    $con = mysqli_connect($_SESSION[\'conInfo\'][0], $_SESSION[\'conInfo\'][1], $_SESSION[\'conInfo\'][2], $_SESSION[\'conInfo\'][3]);\r\n    mysqli_query($con, &quot; LOCK TABLES `blog` WRITE&quot;);\r\n    $res = mysqli_query($con, &quot;insert into blog(author, Title, type) values($author, \'$title\', \'$type\');&quot;);\r\n    if ($res != 1) {\r\n        mysqli_query($con, &quot; UNLOCK TABLES&quot;);\r\n        return &quot;cant write to the database&quot;;\r\n    }\r\n    $res = mysqli_query($con, &quot;select max(id) as thisBlogId from  blog&quot;);\r\n    mysqli_query($con, &quot;UNLOCK TABLES&quot;);\r\n    $BlogId = mysqli_fetch_assoc($res)[&quot;thisBlogId&quot;];\r\n\r\n    for ($i = 0; $i &lt; sizeof($_SESSION[&quot;textArea&quot;]); $i++) :\r\n        $text = $_SESSION[&quot;textArea&quot;][$i];\r\n        $res = mysqli_query($con, &quot;insert into content(Bid,orderOf,contentType,content) values($BlogId,$i,1,\'$text\')&quot;);\r\n    // insert into content(Bid,orderOf,contentType,content) values(1,-0.8361730166,1,&quot;When &quot;);\r\n    // echo $_SESSION[&quot;textArea&quot;][$i] . &quot;&lt;br/&gt;&quot;;\r\n    endfor;\r\n    $keys = array_keys($_SESSION[\'order\']);\r\n    foreach ($keys as $key) :\r\n        $content = &quot;&quot;;\r\n        $contentType = 2;\r\n        $remark = &quot;not set&quot;;\r\n        if (explode(&quot;_&quot;, $_SESSION[&quot;order&quot;][$key][0])[0] == &quot;image&quot;) {\r\n            $content = &quot;files/blogsData/tempoUpload/$key.png&quot;;\r\n            $contentType = 3;\r\n        } else {\r\n            $content = mysqli_real_escape_string($con, $_SESSION[&quot;order&quot;][$key][1][&quot;content&quot;]);\r\n            $remark = $_SESSION[&quot;order&quot;][$key][1][&quot;language&quot;];\r\n        }\r\n        //  = explode(&quot;_&quot;, $_SESSION[&quot;order&quot;][$key][0])[0] == &quot;image&quot; ? 3 : 2;\r\n        $res = mysqli_query($con, &quot;insert into content(Bid,orderOf,contentType,content,remark) values($BlogId,$key,$contentType,\'$content\',\'$remark\')&quot;);\r\n        echo print_r($key) . &quot;&lt;br/&gt;&quot;;\r\n    endforeach;\r\n    return &quot;sucess&quot;;\r\n}','PHP'),(30,6,1.163836298,3,'files/blogsData/tempoUpload/1.163836298.png','not set'),(31,7,0,1,'this is paragraph this is paragraph this is paragraph this is paragraph this is paragraph this is paragraph this is paragraph this is paragraph this is paragraph this is paragraph this is paragraph this is paragraph this is paragraph this is paragraph this is paragraph this is paragraph this is paragraph this is paragraph this is paragraph this is paragraph this is paragraph\r\nthis is paragraph this is paragraph this is paragraph this is paragraph this is paragraph this is paragraph this is paragraph this is paragraph this is paragraph this is paragraph this is paragraph this is paragraph this is paragraph this is paragraph this is paragraph this is paragraph this is paragraph this is paragraph this is paragraph this is paragraph this is paragraph\r\nthis is paragraph this is paragraph this is paragraph this is paragraph this is paragraph this is paragraph this is paragraph this is paragraph this is paragraph this is paragraph this is paragraph this is paragraph this is paragraph this is paragraph this is paragraph this is paragraph this is paragraph this is paragraph this is paragraph this is paragraph this is paragraph\r\n\r\nthis is paragraph this is paragraph this is paragraph this is paragraph this is paragraph this is paragraph this is paragraph this is paragraph this is paragraph this is paragraph this is paragraph this is paragraph this is paragraph this is paragraph this is paragraph this is paragraph this is paragraph this is paragraph this is paragraph this is paragraph this is paragraph\r\n\r\nthis is paragraph this is paragraph this is paragraph this is paragraph this is paragraph this is paragraph this is paragraph this is paragraph this is paragraph this is paragraph this is paragraph this is paragraph this is paragraph this is paragraph this is paragraph this is paragraph this is paragraph this is paragraph this is paragraph this is paragraph this is paragraph',NULL),(32,7,1,1,'this is paragraph this is paragraph this is paragraph this is paragraph this is paragraph this is paragraph this is paragraph this is paragraph this is paragraph this is paragraph this is paragraph this is paragraph this is paragraph this is paragraph this is paragraph this is paragraph this is paragraph this is paragraph this is paragraph this is paragraph this is paragraphthis is paragraph this is paragraph this is paragraph this is paragraph this is paragraph this is paragraph this is paragraph this is paragraph this is paragraph this is paragraph this is paragraph this is paragraph this is paragraph this is paragraph this is paragraph this is paragraph this is paragraph this is paragraph this is paragraph this is paragraph this is paragraph\r\nthis is paragraph this is paragraph this is paragraph this is paragraph this is paragraph this is paragraph this is paragraph this is paragraph this is paragraph this is paragraph this is paragraph this is paragraph this is paragraph this is paragraph this is paragraph this is paragraph this is paragraph this is paragraph this is paragraph this is paragraph this is paragraph\r\n\r\nthis is paragraph this is paragraph this is paragraph this is paragraph this is paragraph this is paragraph this is paragraph this is paragraph this is paragraph this is paragraph this is paragraph this is paragraph this is paragraph this is paragraph this is paragraph this is paragraph this is paragraph this is paragraph this is paragraph this is paragraph this is paragraph',NULL),(33,7,2,1,'this is the last content this is the last content this is the last content this is the last content this is the last content this is the last content this is the last content this is the last content this is the last content this is the last content this is the last content this is the last content this is the last content \r\nthis is the last content this is the last content this is the last content this is the last content this is the last content this is the last content this is the last content this is the last content this is the last content this is the last content this is the last content this is the last content this is the last content \r\n\r\nthis is the last content this is the last content this is the last content this is the last content this is the last content this is the last content this is the last content this is the last content this is the last content this is the last content this is the last content this is the last content this is the last content this is the last content this is the last content this is the last content this is the last content this is the last content this is the last content this is the last content this is the last content this is the last content this is the last content this is the last content this is the last content this is the last content ',NULL),(34,7,0.1638362783,2,'function saveDataToDatabase()\r\n{\r\n    if (!isset($_SESSION[\'title\']) || !isset($_SESSION[\'type\'])) {\r\n        return &quot;requiered fileds are empity&quot;;\r\n    }\r\n    $author = isset($_SESSION[\'userId\']) ? $_SESSION[\'userId\'] : &quot;default&quot;;\r\n    $title = $_SESSION[\'title\'];\r\n    $type = $_SESSION[\'type\'];\r\n    // echo $title . &quot; &quot; . $type;\r\n    $con = mysqli_connect($_SESSION[\'conInfo\'][0], $_SESSION[\'conInfo\'][1], $_SESSION[\'conInfo\'][2], $_SESSION[\'conInfo\'][3]);\r\n    mysqli_query($con, &quot; LOCK TABLES `blog` WRITE&quot;);\r\n    $res = mysqli_query($con, &quot;insert into blog(author, Title, type) values($author, \'$title\', \'$type\');&quot;);\r\n    if ($res != 1) {\r\n        mysqli_query($con, &quot; UNLOCK TABLES&quot;);\r\n        return &quot;cant write to the database&quot;;\r\n    }\r\n    $res = mysqli_query($con, &quot;select max(id) as thisBlogId from  blog&quot;);\r\n    mysqli_query($con, &quot;UNLOCK TABLES&quot;);\r\n    $BlogId = mysqli_fetch_assoc($res)[&quot;thisBlogId&quot;];\r\n\r\n    for ($i = 0; $i &lt; sizeof($_SESSION[&quot;textArea&quot;]); $i++) :\r\n        $text = $_SESSION[&quot;textArea&quot;][$i];\r\n        $res = mysqli_query($con, &quot;insert into content(Bid,orderOf,contentType,content) values($BlogId,$i,1,\'$text\')&quot;);\r\n    // insert into content(Bid,orderOf,contentType,content) values(1,-0.8361730166,1,&quot;When &quot;);\r\n    // echo $_SESSION[&quot;textArea&quot;][$i] . &quot;&lt;br/&gt;&quot;;\r\n    endfor;\r\n    $keys = array_keys($_SESSION[\'order\']);\r\n    foreach ($keys as $key) :\r\n        $content = &quot;&quot;;\r\n        $contentType = 2;\r\n        $remark = &quot;not set&quot;;\r\n        if (explode(&quot;_&quot;, $_SESSION[&quot;order&quot;][$key][0])[0] == &quot;image&quot;) {\r\n            $content = &quot;files/blogsData/tempoUpload/$key.png&quot;;\r\n            $contentType = 3;\r\n        } else {\r\n            $content = mysqli_real_escape_string($con, $_SESSION[&quot;order&quot;][$key][1][&quot;content&quot;]);\r\n            $remark = $_SESSION[&quot;order&quot;][$key][1][&quot;language&quot;];\r\n        }\r\n        //  = explode(&quot;_&quot;, $_SESSION[&quot;order&quot;][$key][0])[0] == &quot;image&quot; ? 3 : 2;\r\n        $res = mysqli_query($con, &quot;insert into content(Bid,orderOf,contentType,content,remark) values($BlogId,$key,$contentType,\'$content\',\'$remark\')&quot;);\r\n        echo print_r($key) . &quot;&lt;br/&gt;&quot;;\r\n    endforeach;\r\n    return &quot;sucess&quot;;\r\n}','PHP'),(35,7,1.163836298,3,'files/blogsData/tempoUpload/1.163836298.png','not set'),(36,8,0,1,'this is paragraph this is paragraph this is paragraph this is paragraph this is paragraph this is paragraph this is paragraph this is paragraph this is paragraph this is paragraph this is paragraph this is paragraph this is paragraph this is paragraph this is paragraph this is paragraph this is paragraph this is paragraph this is paragraph this is paragraph this is paragraph\r\nthis is paragraph this is paragraph this is paragraph this is paragraph this is paragraph this is paragraph this is paragraph this is paragraph this is paragraph this is paragraph this is paragraph this is paragraph this is paragraph this is paragraph this is paragraph this is paragraph this is paragraph this is paragraph this is paragraph this is paragraph this is paragraph\r\nthis is paragraph this is paragraph this is paragraph this is paragraph this is paragraph this is paragraph this is paragraph this is paragraph this is paragraph this is paragraph this is paragraph this is paragraph this is paragraph this is paragraph this is paragraph this is paragraph this is paragraph this is paragraph this is paragraph this is paragraph this is paragraph\r\n\r\nthis is paragraph this is paragraph this is paragraph this is paragraph this is paragraph this is paragraph this is paragraph this is paragraph this is paragraph this is paragraph this is paragraph this is paragraph this is paragraph this is paragraph this is paragraph this is paragraph this is paragraph this is paragraph this is paragraph this is paragraph this is paragraph\r\n\r\nthis is paragraph this is paragraph this is paragraph this is paragraph this is paragraph this is paragraph this is paragraph this is paragraph this is paragraph this is paragraph this is paragraph this is paragraph this is paragraph this is paragraph this is paragraph this is paragraph this is paragraph this is paragraph this is paragraph this is paragraph this is paragraph',NULL),(37,8,1,1,'this is paragraph this is paragraph this is paragraph this is paragraph this is paragraph this is paragraph this is paragraph this is paragraph this is paragraph this is paragraph this is paragraph this is paragraph this is paragraph this is paragraph this is paragraph this is paragraph this is paragraph this is paragraph this is paragraph this is paragraph this is paragraphthis is paragraph this is paragraph this is paragraph this is paragraph this is paragraph this is paragraph this is paragraph this is paragraph this is paragraph this is paragraph this is paragraph this is paragraph this is paragraph this is paragraph this is paragraph this is paragraph this is paragraph this is paragraph this is paragraph this is paragraph this is paragraph\r\nthis is paragraph this is paragraph this is paragraph this is paragraph this is paragraph this is paragraph this is paragraph this is paragraph this is paragraph this is paragraph this is paragraph this is paragraph this is paragraph this is paragraph this is paragraph this is paragraph this is paragraph this is paragraph this is paragraph this is paragraph this is paragraph\r\n\r\nthis is paragraph this is paragraph this is paragraph this is paragraph this is paragraph this is paragraph this is paragraph this is paragraph this is paragraph this is paragraph this is paragraph this is paragraph this is paragraph this is paragraph this is paragraph this is paragraph this is paragraph this is paragraph this is paragraph this is paragraph this is paragraph',NULL),(38,8,2,1,'this is the last content this is the last content this is the last content this is the last content this is the last content this is the last content this is the last content this is the last content this is the last content this is the last content this is the last content this is the last content this is the last content \r\nthis is the last content this is the last content this is the last content this is the last content this is the last content this is the last content this is the last content this is the last content this is the last content this is the last content this is the last content this is the last content this is the last content \r\n\r\nthis is the last content this is the last content this is the last content this is the last content this is the last content this is the last content this is the last content this is the last content this is the last content this is the last content this is the last content this is the last content this is the last content this is the last content this is the last content this is the last content this is the last content this is the last content this is the last content this is the last content this is the last content this is the last content this is the last content this is the last content this is the last content this is the last content ',NULL),(39,8,0.1638362783,2,'function saveDataToDatabase()\r\n{\r\n    if (!isset($_SESSION[\'title\']) || !isset($_SESSION[\'type\'])) {\r\n        return &quot;requiered fileds are empity&quot;;\r\n    }\r\n    $author = isset($_SESSION[\'userId\']) ? $_SESSION[\'userId\'] : &quot;default&quot;;\r\n    $title = $_SESSION[\'title\'];\r\n    $type = $_SESSION[\'type\'];\r\n    // echo $title . &quot; &quot; . $type;\r\n    $con = mysqli_connect($_SESSION[\'conInfo\'][0], $_SESSION[\'conInfo\'][1], $_SESSION[\'conInfo\'][2], $_SESSION[\'conInfo\'][3]);\r\n    mysqli_query($con, &quot; LOCK TABLES `blog` WRITE&quot;);\r\n    $res = mysqli_query($con, &quot;insert into blog(author, Title, type) values($author, \'$title\', \'$type\');&quot;);\r\n    if ($res != 1) {\r\n        mysqli_query($con, &quot; UNLOCK TABLES&quot;);\r\n        return &quot;cant write to the database&quot;;\r\n    }\r\n    $res = mysqli_query($con, &quot;select max(id) as thisBlogId from  blog&quot;);\r\n    mysqli_query($con, &quot;UNLOCK TABLES&quot;);\r\n    $BlogId = mysqli_fetch_assoc($res)[&quot;thisBlogId&quot;];\r\n\r\n    for ($i = 0; $i &lt; sizeof($_SESSION[&quot;textArea&quot;]); $i++) :\r\n        $text = $_SESSION[&quot;textArea&quot;][$i];\r\n        $res = mysqli_query($con, &quot;insert into content(Bid,orderOf,contentType,content) values($BlogId,$i,1,\'$text\')&quot;);\r\n    // insert into content(Bid,orderOf,contentType,content) values(1,-0.8361730166,1,&quot;When &quot;);\r\n    // echo $_SESSION[&quot;textArea&quot;][$i] . &quot;&lt;br/&gt;&quot;;\r\n    endfor;\r\n    $keys = array_keys($_SESSION[\'order\']);\r\n    foreach ($keys as $key) :\r\n        $content = &quot;&quot;;\r\n        $contentType = 2;\r\n        $remark = &quot;not set&quot;;\r\n        if (explode(&quot;_&quot;, $_SESSION[&quot;order&quot;][$key][0])[0] == &quot;image&quot;) {\r\n            $content = &quot;files/blogsData/tempoUpload/$key.png&quot;;\r\n            $contentType = 3;\r\n        } else {\r\n            $content = mysqli_real_escape_string($con, $_SESSION[&quot;order&quot;][$key][1][&quot;content&quot;]);\r\n            $remark = $_SESSION[&quot;order&quot;][$key][1][&quot;language&quot;];\r\n        }\r\n        //  = explode(&quot;_&quot;, $_SESSION[&quot;order&quot;][$key][0])[0] == &quot;image&quot; ? 3 : 2;\r\n        $res = mysqli_query($con, &quot;insert into content(Bid,orderOf,contentType,content,remark) values($BlogId,$key,$contentType,\'$content\',\'$remark\')&quot;);\r\n        echo print_r($key) . &quot;&lt;br/&gt;&quot;;\r\n    endforeach;\r\n    return &quot;sucess&quot;;\r\n}','PHP'),(40,8,1.163836298,3,'files/blogsData/tempoUpload/1.163836298.png','not set'),(41,9,0,1,'this is paragraph this is paragraph this is paragraph this is paragraph this is paragraph this is paragraph this is paragraph this is paragraph this is paragraph this is paragraph this is paragraph this is paragraph this is paragraph this is paragraph this is paragraph this is paragraph this is paragraph this is paragraph this is paragraph this is paragraph this is paragraph\r\nthis is paragraph this is paragraph this is paragraph this is paragraph this is paragraph this is paragraph this is paragraph this is paragraph this is paragraph this is paragraph this is paragraph this is paragraph this is paragraph this is paragraph this is paragraph this is paragraph this is paragraph this is paragraph this is paragraph this is paragraph this is paragraph\r\nthis is paragraph this is paragraph this is paragraph this is paragraph this is paragraph this is paragraph this is paragraph this is paragraph this is paragraph this is paragraph this is paragraph this is paragraph this is paragraph this is paragraph this is paragraph this is paragraph this is paragraph this is paragraph this is paragraph this is paragraph this is paragraph\r\n\r\nthis is paragraph this is paragraph this is paragraph this is paragraph this is paragraph this is paragraph this is paragraph this is paragraph this is paragraph this is paragraph this is paragraph this is paragraph this is paragraph this is paragraph this is paragraph this is paragraph this is paragraph this is paragraph this is paragraph this is paragraph this is paragraph\r\n\r\nthis is paragraph this is paragraph this is paragraph this is paragraph this is paragraph this is paragraph this is paragraph this is paragraph this is paragraph this is paragraph this is paragraph this is paragraph this is paragraph this is paragraph this is paragraph this is paragraph this is paragraph this is paragraph this is paragraph this is paragraph this is paragraph',NULL),(42,9,1,1,'this is paragraph this is paragraph this is paragraph this is paragraph this is paragraph this is paragraph this is paragraph this is paragraph this is paragraph this is paragraph this is paragraph this is paragraph this is paragraph this is paragraph this is paragraph this is paragraph this is paragraph this is paragraph this is paragraph this is paragraph this is paragraphthis is paragraph this is paragraph this is paragraph this is paragraph this is paragraph this is paragraph this is paragraph this is paragraph this is paragraph this is paragraph this is paragraph this is paragraph this is paragraph this is paragraph this is paragraph this is paragraph this is paragraph this is paragraph this is paragraph this is paragraph this is paragraph\r\nthis is paragraph this is paragraph this is paragraph this is paragraph this is paragraph this is paragraph this is paragraph this is paragraph this is paragraph this is paragraph this is paragraph this is paragraph this is paragraph this is paragraph this is paragraph this is paragraph this is paragraph this is paragraph this is paragraph this is paragraph this is paragraph\r\n\r\nthis is paragraph this is paragraph this is paragraph this is paragraph this is paragraph this is paragraph this is paragraph this is paragraph this is paragraph this is paragraph this is paragraph this is paragraph this is paragraph this is paragraph this is paragraph this is paragraph this is paragraph this is paragraph this is paragraph this is paragraph this is paragraph',NULL),(43,9,2,1,'this is the last content this is the last content this is the last content this is the last content this is the last content this is the last content this is the last content this is the last content this is the last content this is the last content this is the last content this is the last content this is the last content \r\nthis is the last content this is the last content this is the last content this is the last content this is the last content this is the last content this is the last content this is the last content this is the last content this is the last content this is the last content this is the last content this is the last content \r\n\r\nthis is the last content this is the last content this is the last content this is the last content this is the last content this is the last content this is the last content this is the last content this is the last content this is the last content this is the last content this is the last content this is the last content this is the last content this is the last content this is the last content this is the last content this is the last content this is the last content this is the last content this is the last content this is the last content this is the last content this is the last content this is the last content this is the last content ',NULL),(44,9,0.1638362783,2,'function saveDataToDatabase()\r\n{\r\n    if (!isset($_SESSION[\'title\']) || !isset($_SESSION[\'type\'])) {\r\n        return &quot;requiered fileds are empity&quot;;\r\n    }\r\n    $author = isset($_SESSION[\'userId\']) ? $_SESSION[\'userId\'] : &quot;default&quot;;\r\n    $title = $_SESSION[\'title\'];\r\n    $type = $_SESSION[\'type\'];\r\n    // echo $title . &quot; &quot; . $type;\r\n    $con = mysqli_connect($_SESSION[\'conInfo\'][0], $_SESSION[\'conInfo\'][1], $_SESSION[\'conInfo\'][2], $_SESSION[\'conInfo\'][3]);\r\n    mysqli_query($con, &quot; LOCK TABLES `blog` WRITE&quot;);\r\n    $res = mysqli_query($con, &quot;insert into blog(author, Title, type) values($author, \'$title\', \'$type\');&quot;);\r\n    if ($res != 1) {\r\n        mysqli_query($con, &quot; UNLOCK TABLES&quot;);\r\n        return &quot;cant write to the database&quot;;\r\n    }\r\n    $res = mysqli_query($con, &quot;select max(id) as thisBlogId from  blog&quot;);\r\n    mysqli_query($con, &quot;UNLOCK TABLES&quot;);\r\n    $BlogId = mysqli_fetch_assoc($res)[&quot;thisBlogId&quot;];\r\n\r\n    for ($i = 0; $i &lt; sizeof($_SESSION[&quot;textArea&quot;]); $i++) :\r\n        $text = $_SESSION[&quot;textArea&quot;][$i];\r\n        $res = mysqli_query($con, &quot;insert into content(Bid,orderOf,contentType,content) values($BlogId,$i,1,\'$text\')&quot;);\r\n    // insert into content(Bid,orderOf,contentType,content) values(1,-0.8361730166,1,&quot;When &quot;);\r\n    // echo $_SESSION[&quot;textArea&quot;][$i] . &quot;&lt;br/&gt;&quot;;\r\n    endfor;\r\n    $keys = array_keys($_SESSION[\'order\']);\r\n    foreach ($keys as $key) :\r\n        $content = &quot;&quot;;\r\n        $contentType = 2;\r\n        $remark = &quot;not set&quot;;\r\n        if (explode(&quot;_&quot;, $_SESSION[&quot;order&quot;][$key][0])[0] == &quot;image&quot;) {\r\n            $content = &quot;files/blogsData/tempoUpload/$key.png&quot;;\r\n            $contentType = 3;\r\n        } else {\r\n            $content = mysqli_real_escape_string($con, $_SESSION[&quot;order&quot;][$key][1][&quot;content&quot;]);\r\n            $remark = $_SESSION[&quot;order&quot;][$key][1][&quot;language&quot;];\r\n        }\r\n        //  = explode(&quot;_&quot;, $_SESSION[&quot;order&quot;][$key][0])[0] == &quot;image&quot; ? 3 : 2;\r\n        $res = mysqli_query($con, &quot;insert into content(Bid,orderOf,contentType,content,remark) values($BlogId,$key,$contentType,\'$content\',\'$remark\')&quot;);\r\n        echo print_r($key) . &quot;&lt;br/&gt;&quot;;\r\n    endforeach;\r\n    return &quot;sucess&quot;;\r\n}','PHP'),(45,9,1.163836298,3,'files/blogsData/tempoUpload/1.163836298.png','not set'),(46,10,0,1,'this is paragraph this is paragraph this is paragraph this is paragraph this is paragraph this is paragraph this is paragraph this is paragraph this is paragraph this is paragraph this is paragraph this is paragraph this is paragraph this is paragraph this is paragraph this is paragraph this is paragraph this is paragraph this is paragraph this is paragraph this is paragraph\r\nthis is paragraph this is paragraph this is paragraph this is paragraph this is paragraph this is paragraph this is paragraph this is paragraph this is paragraph this is paragraph this is paragraph this is paragraph this is paragraph this is paragraph this is paragraph this is paragraph this is paragraph this is paragraph this is paragraph this is paragraph this is paragraph\r\nthis is paragraph this is paragraph this is paragraph this is paragraph this is paragraph this is paragraph this is paragraph this is paragraph this is paragraph this is paragraph this is paragraph this is paragraph this is paragraph this is paragraph this is paragraph this is paragraph this is paragraph this is paragraph this is paragraph this is paragraph this is paragraph\r\n\r\nthis is paragraph this is paragraph this is paragraph this is paragraph this is paragraph this is paragraph this is paragraph this is paragraph this is paragraph this is paragraph this is paragraph this is paragraph this is paragraph this is paragraph this is paragraph this is paragraph this is paragraph this is paragraph this is paragraph this is paragraph this is paragraph\r\n\r\nthis is paragraph this is paragraph this is paragraph this is paragraph this is paragraph this is paragraph this is paragraph this is paragraph this is paragraph this is paragraph this is paragraph this is paragraph this is paragraph this is paragraph this is paragraph this is paragraph this is paragraph this is paragraph this is paragraph this is paragraph this is paragraph',NULL),(47,10,1,1,'this is paragraph this is paragraph this is paragraph this is paragraph this is paragraph this is paragraph this is paragraph this is paragraph this is paragraph this is paragraph this is paragraph this is paragraph this is paragraph this is paragraph this is paragraph this is paragraph this is paragraph this is paragraph this is paragraph this is paragraph this is paragraphthis is paragraph this is paragraph this is paragraph this is paragraph this is paragraph this is paragraph this is paragraph this is paragraph this is paragraph this is paragraph this is paragraph this is paragraph this is paragraph this is paragraph this is paragraph this is paragraph this is paragraph this is paragraph this is paragraph this is paragraph this is paragraph\r\nthis is paragraph this is paragraph this is paragraph this is paragraph this is paragraph this is paragraph this is paragraph this is paragraph this is paragraph this is paragraph this is paragraph this is paragraph this is paragraph this is paragraph this is paragraph this is paragraph this is paragraph this is paragraph this is paragraph this is paragraph this is paragraph\r\n\r\nthis is paragraph this is paragraph this is paragraph this is paragraph this is paragraph this is paragraph this is paragraph this is paragraph this is paragraph this is paragraph this is paragraph this is paragraph this is paragraph this is paragraph this is paragraph this is paragraph this is paragraph this is paragraph this is paragraph this is paragraph this is paragraph',NULL),(48,10,2,1,'this is the last content this is the last content this is the last content this is the last content this is the last content this is the last content this is the last content this is the last content this is the last content this is the last content this is the last content this is the last content this is the last content \r\nthis is the last content this is the last content this is the last content this is the last content this is the last content this is the last content this is the last content this is the last content this is the last content this is the last content this is the last content this is the last content this is the last content \r\n\r\nthis is the last content this is the last content this is the last content this is the last content this is the last content this is the last content this is the last content this is the last content this is the last content this is the last content this is the last content this is the last content this is the last content this is the last content this is the last content this is the last content this is the last content this is the last content this is the last content this is the last content this is the last content this is the last content this is the last content this is the last content this is the last content this is the last content ',NULL),(49,10,0.1638362783,2,'function saveDataToDatabase()\r\n{\r\n    if (!isset($_SESSION[\'title\']) || !isset($_SESSION[\'type\'])) {\r\n        return &quot;requiered fileds are empity&quot;;\r\n    }\r\n    $author = isset($_SESSION[\'userId\']) ? $_SESSION[\'userId\'] : &quot;default&quot;;\r\n    $title = $_SESSION[\'title\'];\r\n    $type = $_SESSION[\'type\'];\r\n    // echo $title . &quot; &quot; . $type;\r\n    $con = mysqli_connect($_SESSION[\'conInfo\'][0], $_SESSION[\'conInfo\'][1], $_SESSION[\'conInfo\'][2], $_SESSION[\'conInfo\'][3]);\r\n    mysqli_query($con, &quot; LOCK TABLES `blog` WRITE&quot;);\r\n    $res = mysqli_query($con, &quot;insert into blog(author, Title, type) values($author, \'$title\', \'$type\');&quot;);\r\n    if ($res != 1) {\r\n        mysqli_query($con, &quot; UNLOCK TABLES&quot;);\r\n        return &quot;cant write to the database&quot;;\r\n    }\r\n    $res = mysqli_query($con, &quot;select max(id) as thisBlogId from  blog&quot;);\r\n    mysqli_query($con, &quot;UNLOCK TABLES&quot;);\r\n    $BlogId = mysqli_fetch_assoc($res)[&quot;thisBlogId&quot;];\r\n\r\n    for ($i = 0; $i &lt; sizeof($_SESSION[&quot;textArea&quot;]); $i++) :\r\n        $text = $_SESSION[&quot;textArea&quot;][$i];\r\n        $res = mysqli_query($con, &quot;insert into content(Bid,orderOf,contentType,content) values($BlogId,$i,1,\'$text\')&quot;);\r\n    // insert into content(Bid,orderOf,contentType,content) values(1,-0.8361730166,1,&quot;When &quot;);\r\n    // echo $_SESSION[&quot;textArea&quot;][$i] . &quot;&lt;br/&gt;&quot;;\r\n    endfor;\r\n    $keys = array_keys($_SESSION[\'order\']);\r\n    foreach ($keys as $key) :\r\n        $content = &quot;&quot;;\r\n        $contentType = 2;\r\n        $remark = &quot;not set&quot;;\r\n        if (explode(&quot;_&quot;, $_SESSION[&quot;order&quot;][$key][0])[0] == &quot;image&quot;) {\r\n            $content = &quot;files/blogsData/tempoUpload/$key.png&quot;;\r\n            $contentType = 3;\r\n        } else {\r\n            $content = mysqli_real_escape_string($con, $_SESSION[&quot;order&quot;][$key][1][&quot;content&quot;]);\r\n            $remark = $_SESSION[&quot;order&quot;][$key][1][&quot;language&quot;];\r\n        }\r\n        //  = explode(&quot;_&quot;, $_SESSION[&quot;order&quot;][$key][0])[0] == &quot;image&quot; ? 3 : 2;\r\n        $res = mysqli_query($con, &quot;insert into content(Bid,orderOf,contentType,content,remark) values($BlogId,$key,$contentType,\'$content\',\'$remark\')&quot;);\r\n        echo print_r($key) . &quot;&lt;br/&gt;&quot;;\r\n    endforeach;\r\n    return &quot;sucess&quot;;\r\n}','PHP'),(50,10,1.163836298,3,'files/blogsData/tempoUpload/1.163836298.png','not set'),(51,11,0,1,'this is the mac as we know it. this is the mac as we know it. this is the mac as we know it. this is the mac as we know it. this is the mac as we know it. this is the mac as we know it. this is the mac as we know it. this is the mac as we know it. this is the mac as we know it. \r\nthis is the mac as we know it. this is the mac as we know it. this is the mac as we know it. this is the mac as we know it. this is the mac as we know it. this is the mac as we know it. this is the mac as we know it. this is the mac as we know it. this is the mac as we know it. this is the mac as we know it. this is the mac as we know it. this is the mac as we know it. \r\n\r\nthis is the mac as we know it. this is the mac as we know it. this is the mac as we know it. this is the mac as we know it. this is the mac as we know it. this is the mac as we know it. this is the mac as we know it. this is the mac as we know it. this is the mac as we know it. this is the mac as we know it. ',NULL),(52,11,1,1,'this is the mac as we know it. this is the mac as we know it. this is the mac as we know it. this is the mac as we know it. this is the mac as we know it. this is the mac as we know it. this is the mac as we know it. this is the mac as we know it. this is the mac as we know it. \r\nthis is the mac as we know it. this is the mac as we know it. this is the mac as we know it. this is the mac as we know it. this is the mac as we know it. this is the mac as we know it. this is the mac as we know it. this is the mac as we know it. this is the mac as we know it. this is the mac as we know it. this is the mac as we know it. this is the mac as we know it. this is the mac as we know it. this is the mac as we know it. this is the mac as we know it. this is the mac as we know it. this is the mac as we know it. this is the mac as we know it. this is the mac as we know it. this is the mac as we know it. this is the mac as we know it. \r\nthis is the mac as we know it. this is the mac as we know it. this is the mac as we know it. this is the mac as we know it. this is the mac as we know it. this is the mac as we know it. this is the mac as we know it. this is the mac as we know it. this is the mac as we know it. this is the mac as we know it. this is the mac as we know it. this is the mac as we know it. ',NULL),(53,11,0.1638388125,3,'files/blogsData/tempoUpload/0.1638388125.png','not set'),(54,11,0.1638388202,2,'&lt;div&gt;\r\n                        &lt;div class=&quot; add&quot;&gt;\r\n                            &lt;label for=&quot;AddPicture&quot; class=&quot;sideButton&quot;&gt;\r\n                                &lt;span&gt;&lt;img class=&quot;icon&quot; src=&quot;./files/icons/camera-brown.png&quot; alt=&quot;add picture&quot;&gt;&lt;/span&gt;\r\n                            &lt;/label&gt;\r\n                            &lt;button type=&quot;submit&quot; name=&quot;uploadImage&quot; oninput=&quot;cancePhotoUpload();&quot; class=&quot;sideButton save&quot; id=&quot;upload&quot;&gt;\r\n                                &lt;span&gt;&lt;img class=&quot;icon&quot; src=&quot;./files/icons/Save-brown.png&quot; alt=&quot;save picture&quot;&gt;\r\n                                &lt;/span&gt;&lt;/button&gt;\r\n                            &lt;button type=&quot;submit&quot; class=&quot;sideButton cancel&quot; id=&quot;cancel&quot; onclick=&quot;cancePhotoUpload();&quot; name=&quot;cancelPhotoUpdate&quot;&gt;\r\n                                &lt;span&gt;&lt;img class=&quot;icon&quot; src=&quot;./files/icons/Cancel-brown.png&quot; alt=&quot;dont save&quot;&gt;&lt;/span&gt;&lt;/button&gt;\r\n                            &lt;input type=&quot;file&quot; accept=&quot;image/*&quot; oninput=&quot;pictureAdded();&quot; name=&quot;AddPicture&quot; id=&quot;AddPicture&quot;&gt;&lt;/input&gt;\r\n                            &lt;button type=&quot;button&quot; class=&quot;sideButton&quot; data-toggle=&quot;modal&quot; data-target=&quot;#exampleModalCenter&quot;&gt;\r\n                                &lt;span&gt;&lt;img class=&quot;icon&quot; src=&quot;./files/icons/code-brown.png&quot; alt=&quot;add programing code&quot;&gt;&lt;/span&gt;\r\n                            &lt;/button&gt;\r\n                            &lt;button type=&quot;submit&quot; name=&quot;reset&quot; class=&quot;sideButton&quot;&gt;\r\n                                &lt;span&gt;&lt;img class=&quot;icon&quot; src=&quot;./files/icons/Refresh-brown.png&quot; alt=&quot;reset everything&quot;&gt;&lt;/span&gt;\r\n                            &lt;/button&gt;\r\n                            &lt;button type=&quot;submit&quot; name=&quot;preview&quot; class=&quot;sideButton&quot;&gt;\r\n                                &lt;span&gt;&lt;img class=&quot;icon&quot; src=&quot;./files/icons/Eye-brown.png&quot; alt=&quot;preview your compose&quot;&gt;&lt;/span&gt;&lt;/button&gt;\r\n                            &lt;button type=&quot;button&quot; name=&quot;addsubTitle&quot; class=&quot;sideButton&quot; data-toggle=&quot;modal&quot; data-target=&quot;#BlogTitle&quot;&gt;\r\n                                &lt;span&gt;&lt;img class=&quot;icon&quot; src=&quot;./files/icons/title.svg&quot; alt=&quot;add a title&quot; disabled&gt;&lt;/span&gt;\r\n                            &lt;/button&gt;\r\n                            &lt;button type=&quot;clear&quot; name=&quot;addTextArea&quot; class=&quot;sideButton&quot;&gt;\r\n                                &lt;span&gt;&lt;img class=&quot;icon&quot; src=&quot;./files/icons/Add-text-area-brown.png&quot; alt=&quot;create text area here&quot; disabled&gt;&lt;/span&gt;\r\n                            &lt;/button&gt;\r\n                        &lt;/div&gt;\r\n                    &lt;/div&gt;','HTML'),(55,11,1.1638388256,3,'files/blogsData/tempoUpload/1.1638388256.png','not set'),(56,12,0,1,'this is the mac as we know it. this is the mac as we know it. this is the mac as we know it. this is the mac as we know it. this is the mac as we know it. this is the mac as we know it. this is the mac as we know it. this is the mac as we know it. this is the mac as we know it. \r\nthis is the mac as we know it. this is the mac as we know it. this is the mac as we know it. this is the mac as we know it. this is the mac as we know it. this is the mac as we know it. this is the mac as we know it. this is the mac as we know it. this is the mac as we know it. this is the mac as we know it. this is the mac as we know it. this is the mac as we know it. \r\n\r\nthis is the mac as we know it. this is the mac as we know it. this is the mac as we know it. this is the mac as we know it. this is the mac as we know it. this is the mac as we know it. this is the mac as we know it. this is the mac as we know it. this is the mac as we know it. this is the mac as we know it. ',NULL),(57,12,1,1,'this is the mac as we know it. this is the mac as we know it. this is the mac as we know it. this is the mac as we know it. this is the mac as we know it. this is the mac as we know it. this is the mac as we know it. this is the mac as we know it. this is the mac as we know it. \r\nthis is the mac as we know it. this is the mac as we know it. this is the mac as we know it. this is the mac as we know it. this is the mac as we know it. this is the mac as we know it. this is the mac as we know it. this is the mac as we know it. this is the mac as we know it. this is the mac as we know it. this is the mac as we know it. this is the mac as we know it. this is the mac as we know it. this is the mac as we know it. this is the mac as we know it. this is the mac as we know it. this is the mac as we know it. this is the mac as we know it. this is the mac as we know it. this is the mac as we know it. this is the mac as we know it. \r\nthis is the mac as we know it. this is the mac as we know it. this is the mac as we know it. this is the mac as we know it. this is the mac as we know it. this is the mac as we know it. this is the mac as we know it. this is the mac as we know it. this is the mac as we know it. this is the mac as we know it. this is the mac as we know it. this is the mac as we know it. ',NULL),(58,12,0.1638388125,3,'files/blogsData/tempoUpload/0.1638388125.png','not set'),(59,12,0.1638388202,2,'&lt;div&gt;\r\n                        &lt;div class=&quot; add&quot;&gt;\r\n                            &lt;label for=&quot;AddPicture&quot; class=&quot;sideButton&quot;&gt;\r\n                                &lt;span&gt;&lt;img class=&quot;icon&quot; src=&quot;./files/icons/camera-brown.png&quot; alt=&quot;add picture&quot;&gt;&lt;/span&gt;\r\n                            &lt;/label&gt;\r\n                            &lt;button type=&quot;submit&quot; name=&quot;uploadImage&quot; oninput=&quot;cancePhotoUpload();&quot; class=&quot;sideButton save&quot; id=&quot;upload&quot;&gt;\r\n                                &lt;span&gt;&lt;img class=&quot;icon&quot; src=&quot;./files/icons/Save-brown.png&quot; alt=&quot;save picture&quot;&gt;\r\n                                &lt;/span&gt;&lt;/button&gt;\r\n                            &lt;button type=&quot;submit&quot; class=&quot;sideButton cancel&quot; id=&quot;cancel&quot; onclick=&quot;cancePhotoUpload();&quot; name=&quot;cancelPhotoUpdate&quot;&gt;\r\n                                &lt;span&gt;&lt;img class=&quot;icon&quot; src=&quot;./files/icons/Cancel-brown.png&quot; alt=&quot;dont save&quot;&gt;&lt;/span&gt;&lt;/button&gt;\r\n                            &lt;input type=&quot;file&quot; accept=&quot;image/*&quot; oninput=&quot;pictureAdded();&quot; name=&quot;AddPicture&quot; id=&quot;AddPicture&quot;&gt;&lt;/input&gt;\r\n                            &lt;button type=&quot;button&quot; class=&quot;sideButton&quot; data-toggle=&quot;modal&quot; data-target=&quot;#exampleModalCenter&quot;&gt;\r\n                                &lt;span&gt;&lt;img class=&quot;icon&quot; src=&quot;./files/icons/code-brown.png&quot; alt=&quot;add programing code&quot;&gt;&lt;/span&gt;\r\n                            &lt;/button&gt;\r\n                            &lt;button type=&quot;submit&quot; name=&quot;reset&quot; class=&quot;sideButton&quot;&gt;\r\n                                &lt;span&gt;&lt;img class=&quot;icon&quot; src=&quot;./files/icons/Refresh-brown.png&quot; alt=&quot;reset everything&quot;&gt;&lt;/span&gt;\r\n                            &lt;/button&gt;\r\n                            &lt;button type=&quot;submit&quot; name=&quot;preview&quot; class=&quot;sideButton&quot;&gt;\r\n                                &lt;span&gt;&lt;img class=&quot;icon&quot; src=&quot;./files/icons/Eye-brown.png&quot; alt=&quot;preview your compose&quot;&gt;&lt;/span&gt;&lt;/button&gt;\r\n                            &lt;button type=&quot;button&quot; name=&quot;addsubTitle&quot; class=&quot;sideButton&quot; data-toggle=&quot;modal&quot; data-target=&quot;#BlogTitle&quot;&gt;\r\n                                &lt;span&gt;&lt;img class=&quot;icon&quot; src=&quot;./files/icons/title.svg&quot; alt=&quot;add a title&quot; disabled&gt;&lt;/span&gt;\r\n                            &lt;/button&gt;\r\n                            &lt;button type=&quot;clear&quot; name=&quot;addTextArea&quot; class=&quot;sideButton&quot;&gt;\r\n                                &lt;span&gt;&lt;img class=&quot;icon&quot; src=&quot;./files/icons/Add-text-area-brown.png&quot; alt=&quot;create text area here&quot; disabled&gt;&lt;/span&gt;\r\n                            &lt;/button&gt;\r\n                        &lt;/div&gt;\r\n                    &lt;/div&gt;','HTML'),(60,12,1.1638388256,3,'files/blogsData/tempoUpload/1.1638388256.png','not set'),(61,12,1.1638390426,0,'summary','not set'),(62,13,0,1,'Author Uknown User... Pleas Sign InAuthor Uknown User... Pleas Sign InAuthor Uknown User... Pleas Sign InAuthor Uknown User... Pleas Sign InAuthor Uknown User... Pleas Sign InAuthor Uknown User... Pleas Sign InAuthor Uknown User... Pleas Sign InAuthor Uknown User... Pleas Sign InAuthor Uknown User... Pleas Sign In\r\n\r\nAuthor Uknown User... Pleas Sign InAuthor Uknown User... Pleas Sign InAuthor Uknown User... Pleas Sign InAuthor Uknown User... Pleas Sign InAuthor Uknown User... Pleas Sign InAuthor Uknown User... Pleas Sign InAuthor Uknown User... Pleas Sign InAuthor Uknown User... Pleas Sign InAuthor Uknown User... Pleas Sign In\r\nAuthor Uknown User... Pleas Sign InAuthor Uknown User... Pleas Sign InAuthor Uknown User... Pleas Sign InAuthor Uknown User... Pleas Sign InAuthor Uknown User... Pleas Sign InAuthor Uknown User... Pleas Sign InAuthor Uknown User... Pleas Sign InAuthor Uknown User... Pleas Sign InAuthor Uknown User... Pleas Sign InAuthor Uknown User... Pleas Sign InAuthor Uknown User... Pleas Sign In',NULL),(63,13,1,1,'Author Uknown User... Pleas Sign InAuthor Uknown User... Pleas Sign InAuthor Uknown User... Pleas Sign InAuthor Uknown User... Pleas Sign InAuthor Uknown User... Pleas Sign InAuthor Uknown User... Pleas Sign InAuthor Uknown User... Pleas Sign InAuthor Uknown User... Pleas Sign InAuthor Uknown User... Pleas Sign In\r\nAuthor Uknown User... Pleas Sign InAuthor Uknown User... Pleas Sign InAuthor Uknown User... Pleas Sign InAuthor Uknown User... Pleas Sign InAuthor Uknown User... Pleas Sign In\r\nAuthor Uknown User... Pleas Sign InAuthor Uknown User... Pleas Sign InAuthor Uknown User... Pleas Sign InAuthor Uknown User... Pleas Sign InAuthor Uknown User... Pleas Sign InAuthor Uknown User... Pleas Sign In\r\n\r\n\r\nAuthor Uknown User... Pleas Sign InAuthor Uknown User... Pleas Sign InAuthor Uknown User... Pleas Sign InAuthor Uknown User... Pleas Sign InAuthor Uknown User... Pleas Sign InAuthor Uknown User... Pleas Sign InAuthor Uknown User... Pleas Sign InAuthor Uknown User... Pleas Sign InAuthor Uknown User... Pleas Sign InAuthor Uknown User... Pleas Sign InAuthor Uknown User... Pleas Sign InAuthor Uknown User... Pleas Sign InAuthor Uknown User... Pleas Sign In',NULL),(64,13,2,1,'Awtar is the first-ever Ethiopian Music App that allows music fans to access and purchase musical works anywhere, anytime; while protecting the copyright of everyone who got involved in creating the Music to benefit from their hard work. Awtar is the first-ever Ethiopian Music App that allows music fans to access and purchase musical works anywhere, anytime; while protecting the copyright of everyone who got involved in creating the Music to benefit from their hard work. \r\n\r\nAwtar is the first-ever Ethiopian Music App that allows music fans to access and purchase musical works anywhere, anytime; while protecting the copyright of everyone who got involved in creating the Music to benefit from their hard work. Awtar is the first-ever Ethiopian Music App that allows music fans to access and purchase musical works anywhere, anytime; while protecting the copyright of everyone who got involved in creating the Music to benefit from their hard work. \r\n\r\nAwtar is the first-ever Ethiopian Music App that allows music fans to access and purchase musical works anywhere, anytime; while protecting the copyright of everyone who got involved in creating the Music to benefit from their hard work. ',NULL),(65,13,0.1638541712,3,'files/blogsData/tempoUpload/0.1638541712.png','not set'),(66,13,0.1638541758,0,'are you an author ?','not set'),(67,13,1.16385418,0,'CSS code','not set'),(68,13,1.163854183,2,'@import url(&quot;./fonts/registr.css&quot;);\r\n@import url(&quot;./registrationForm.css&quot;);\r\n@import url(&quot;./rot.css&quot;);\r\n@import url(&quot;./defines.css&quot;);\r\nhtml,\r\nbody {\r\n  margin: 0px;\r\n  padding: 0px;\r\n}\r\n* {\r\n  outline: none;\r\n  margin: 0px;\r\n  padding: 0px;\r\n  font-family: &quot;Open Sans&quot;, sans-serif;\r\n  font-family: &quot;Roboto Mono&quot;, monospace;\r\n}\r\n*:focus {\r\n  outline: none;\r\n}\r\n*:focus-visible {\r\n  outline: none;\r\n}\r\n.container-fluid {\r\n  width: 90%;\r\n  position: relative;\r\n  max-width: 1300px;\r\n}\r\nheader {\r\n  font-family: &quot;menu&quot;;\r\n  font-weight: bold;\r\n  letter-spacing: 2px;\r\n  text-transform: capitalize;\r\n  margin-top: 20px;\r\n  z-index: 1;\r\n}\r\n.heading {\r\n  background-color: #3d0302;\r\n  height: 200px;\r\n}\r\n.heading .container-fluid {\r\n  background-color: white;\r\n  background-image: url(&quot;../files/SVG/jumbotron.svg&quot;);\r\n  mask-repeat: no-repeat;\r\n  background-size: cover;\r\n  background-position: center;\r\n  height: 100%;\r\n}\r\n.logo {\r\n  height: 35px;\r\n}\r\nsvg {\r\n  height: 100%;\r\n}\r\n.menu a {\r\n  text-decoration: none;\r\n  color: #340100;\r\n  margin-right: 10px;\r\n}\r\n.leftTop {\r\n  text-transform: capitalize;\r\n}\r\n.textContent ol {\r\n  font-family: &quot;title&quot;;\r\n  font-size: 1.5vw;\r\n  list-style: none;\r\n  color: var(--lightOrange);\r\n  margin: 0px;\r\n  padding-left: 40px;\r\n}\r\n.textContent ol .title {\r\n  margin-left: -40px;\r\n  font-size: 1.4em;\r\n}\r\n.heading img {\r\n  width: 100%;\r\n}\r\n.profileContainer {\r\n  /* background-color: red; */\r\n  display: flex;\r\n  align-items: center;\r\n  height: 200px;\r\n  float: right;\r\n  color: white;\r\n  font-size: 1.5em;\r\n}\r\n#prifileImage {\r\n  height: 80%;\r\n  border-radius: 50%;\r\n  margin-right: 10px;\r\n  overflow: hidden;\r\n  background-color: white;\r\n}','CSS'),(69,13,1.1638541847,0,'javascript code.','not set'),(70,13,1.1638541871,2,'// reset our created blog page by removing session and other data related to it.\r\nwindow.onunload = function () {\r\n  let form = new FormData();\r\n  form.append(&quot;reset&quot;, null);\r\n  fetch(&quot;uploadNewBlogData.php&quot;, { method: &quot;POST&quot;, body: form });\r\n  return null;\r\n};\r\n\r\n// this will manage the shadow adding on scroling for the element of author information in uploading a new blog\r\n\r\nlet headerContainer = document.querySelector(&quot;header&quot;);\r\nlet authorInfo = $(&quot;#authorInfo&quot;);\r\nlet option = {};\r\nlet observer = new IntersectionObserver(function (entries, observer) {\r\n  entries.forEach((entrie) =&gt; {\r\n    if (entrie.intersectionRatio == 0) authorInfo.addClass(&quot;bottom-boxShadow&quot;);\r\n    else if (entrie.intersectionRatio &gt; 0)\r\n      authorInfo.removeClass(&quot;bottom-boxShadow&quot;);\r\n  });\r\n}, option);\r\nobserver.observe(headerContainer);','JavaScript'),(71,13,1.1638541889,0,'final note','not set'),(72,13,2.1638541952,3,'files/blogsData/tempoUpload/2.1638541952.png','not set'),(73,14,0,1,'Author Uknown User... Pleas Sign InAuthor Uknown User... Pleas Sign InAuthor Uknown User... Pleas Sign InAuthor Uknown User... Pleas Sign InAuthor Uknown User... Pleas Sign InAuthor Uknown User... Pleas Sign InAuthor Uknown User... Pleas Sign InAuthor Uknown User... Pleas Sign InAuthor Uknown User... Pleas Sign In\r\n\r\nAuthor Uknown User... Pleas Sign InAuthor Uknown User... Pleas Sign InAuthor Uknown User... Pleas Sign InAuthor Uknown User... Pleas Sign InAuthor Uknown User... Pleas Sign InAuthor Uknown User... Pleas Sign InAuthor Uknown User... Pleas Sign InAuthor Uknown User... Pleas Sign InAuthor Uknown User... Pleas Sign In\r\nAuthor Uknown User... Pleas Sign InAuthor Uknown User... Pleas Sign InAuthor Uknown User... Pleas Sign InAuthor Uknown User... Pleas Sign InAuthor Uknown User... Pleas Sign InAuthor Uknown User... Pleas Sign InAuthor Uknown User... Pleas Sign InAuthor Uknown User... Pleas Sign InAuthor Uknown User... Pleas Sign InAuthor Uknown User... Pleas Sign InAuthor Uknown User... Pleas Sign In',NULL),(74,14,1,1,'Author Uknown User... Pleas Sign InAuthor Uknown User... Pleas Sign InAuthor Uknown User... Pleas Sign InAuthor Uknown User... Pleas Sign InAuthor Uknown User... Pleas Sign InAuthor Uknown User... Pleas Sign InAuthor Uknown User... Pleas Sign InAuthor Uknown User... Pleas Sign InAuthor Uknown User... Pleas Sign In\r\nAuthor Uknown User... Pleas Sign InAuthor Uknown User... Pleas Sign InAuthor Uknown User... Pleas Sign InAuthor Uknown User... Pleas Sign InAuthor Uknown User... Pleas Sign In\r\nAuthor Uknown User... Pleas Sign InAuthor Uknown User... Pleas Sign InAuthor Uknown User... Pleas Sign InAuthor Uknown User... Pleas Sign InAuthor Uknown User... Pleas Sign InAuthor Uknown User... Pleas Sign In\r\n\r\n\r\nAuthor Uknown User... Pleas Sign InAuthor Uknown User... Pleas Sign InAuthor Uknown User... Pleas Sign InAuthor Uknown User... Pleas Sign InAuthor Uknown User... Pleas Sign InAuthor Uknown User... Pleas Sign InAuthor Uknown User... Pleas Sign InAuthor Uknown User... Pleas Sign InAuthor Uknown User... Pleas Sign InAuthor Uknown User... Pleas Sign InAuthor Uknown User... Pleas Sign InAuthor Uknown User... Pleas Sign InAuthor Uknown User... Pleas Sign In',NULL),(75,14,2,1,'Awtar is the first-ever Ethiopian Music App that allows music fans to access and purchase musical works anywhere, anytime; while protecting the copyright of everyone who got involved in creating the Music to benefit from their hard work. Awtar is the first-ever Ethiopian Music App that allows music fans to access and purchase musical works anywhere, anytime; while protecting the copyright of everyone who got involved in creating the Music to benefit from their hard work. \r\n\r\nAwtar is the first-ever Ethiopian Music App that allows music fans to access and purchase musical works anywhere, anytime; while protecting the copyright of everyone who got involved in creating the Music to benefit from their hard work. Awtar is the first-ever Ethiopian Music App that allows music fans to access and purchase musical works anywhere, anytime; while protecting the copyright of everyone who got involved in creating the Music to benefit from their hard work. \r\n\r\nAwtar is the first-ever Ethiopian Music App that allows music fans to access and purchase musical works anywhere, anytime; while protecting the copyright of everyone who got involved in creating the Music to benefit from their hard work. ',NULL),(76,14,0.1638541712,3,'files/blogsData/tempoUpload/0.1638541712.png','not set'),(77,14,0.1638541758,0,'are you an author ?','not set'),(78,14,1.16385418,0,'CSS code','not set'),(79,14,1.163854183,2,'@import url(&quot;./fonts/registr.css&quot;);\r\n@import url(&quot;./registrationForm.css&quot;);\r\n@import url(&quot;./rot.css&quot;);\r\n@import url(&quot;./defines.css&quot;);\r\nhtml,\r\nbody {\r\n  margin: 0px;\r\n  padding: 0px;\r\n}\r\n* {\r\n  outline: none;\r\n  margin: 0px;\r\n  padding: 0px;\r\n  font-family: &quot;Open Sans&quot;, sans-serif;\r\n  font-family: &quot;Roboto Mono&quot;, monospace;\r\n}\r\n*:focus {\r\n  outline: none;\r\n}\r\n*:focus-visible {\r\n  outline: none;\r\n}\r\n.container-fluid {\r\n  width: 90%;\r\n  position: relative;\r\n  max-width: 1300px;\r\n}\r\nheader {\r\n  font-family: &quot;menu&quot;;\r\n  font-weight: bold;\r\n  letter-spacing: 2px;\r\n  text-transform: capitalize;\r\n  margin-top: 20px;\r\n  z-index: 1;\r\n}\r\n.heading {\r\n  background-color: #3d0302;\r\n  height: 200px;\r\n}\r\n.heading .container-fluid {\r\n  background-color: white;\r\n  background-image: url(&quot;../files/SVG/jumbotron.svg&quot;);\r\n  mask-repeat: no-repeat;\r\n  background-size: cover;\r\n  background-position: center;\r\n  height: 100%;\r\n}\r\n.logo {\r\n  height: 35px;\r\n}\r\nsvg {\r\n  height: 100%;\r\n}\r\n.menu a {\r\n  text-decoration: none;\r\n  color: #340100;\r\n  margin-right: 10px;\r\n}\r\n.leftTop {\r\n  text-transform: capitalize;\r\n}\r\n.textContent ol {\r\n  font-family: &quot;title&quot;;\r\n  font-size: 1.5vw;\r\n  list-style: none;\r\n  color: var(--lightOrange);\r\n  margin: 0px;\r\n  padding-left: 40px;\r\n}\r\n.textContent ol .title {\r\n  margin-left: -40px;\r\n  font-size: 1.4em;\r\n}\r\n.heading img {\r\n  width: 100%;\r\n}\r\n.profileContainer {\r\n  /* background-color: red; */\r\n  display: flex;\r\n  align-items: center;\r\n  height: 200px;\r\n  float: right;\r\n  color: white;\r\n  font-size: 1.5em;\r\n}\r\n#prifileImage {\r\n  height: 80%;\r\n  border-radius: 50%;\r\n  margin-right: 10px;\r\n  overflow: hidden;\r\n  background-color: white;\r\n}','CSS'),(80,14,1.1638541847,0,'javascript code.','not set'),(81,14,1.1638541871,2,'// reset our created blog page by removing session and other data related to it.\r\nwindow.onunload = function () {\r\n  let form = new FormData();\r\n  form.append(&quot;reset&quot;, null);\r\n  fetch(&quot;uploadNewBlogData.php&quot;, { method: &quot;POST&quot;, body: form });\r\n  return null;\r\n};\r\n\r\n// this will manage the shadow adding on scroling for the element of author information in uploading a new blog\r\n\r\nlet headerContainer = document.querySelector(&quot;header&quot;);\r\nlet authorInfo = $(&quot;#authorInfo&quot;);\r\nlet option = {};\r\nlet observer = new IntersectionObserver(function (entries, observer) {\r\n  entries.forEach((entrie) =&gt; {\r\n    if (entrie.intersectionRatio == 0) authorInfo.addClass(&quot;bottom-boxShadow&quot;);\r\n    else if (entrie.intersectionRatio &gt; 0)\r\n      authorInfo.removeClass(&quot;bottom-boxShadow&quot;);\r\n  });\r\n}, option);\r\nobserver.observe(headerContainer);','JavaScript'),(82,14,1.1638541889,0,'final note','not set'),(83,14,2.1638541952,3,'files/blogsData/tempoUpload/2.1638541952.png','not set'),(84,15,0,1,'Author Uknown User... Pleas Sign InAuthor Uknown User... Pleas Sign InAuthor Uknown User... Pleas Sign InAuthor Uknown User... Pleas Sign InAuthor Uknown User... Pleas Sign InAuthor Uknown User... Pleas Sign InAuthor Uknown User... Pleas Sign InAuthor Uknown User... Pleas Sign InAuthor Uknown User... Pleas Sign In\r\n\r\nAuthor Uknown User... Pleas Sign InAuthor Uknown User... Pleas Sign InAuthor Uknown User... Pleas Sign InAuthor Uknown User... Pleas Sign InAuthor Uknown User... Pleas Sign InAuthor Uknown User... Pleas Sign InAuthor Uknown User... Pleas Sign InAuthor Uknown User... Pleas Sign InAuthor Uknown User... Pleas Sign In\r\nAuthor Uknown User... Pleas Sign InAuthor Uknown User... Pleas Sign InAuthor Uknown User... Pleas Sign InAuthor Uknown User... Pleas Sign InAuthor Uknown User... Pleas Sign InAuthor Uknown User... Pleas Sign InAuthor Uknown User... Pleas Sign InAuthor Uknown User... Pleas Sign InAuthor Uknown User... Pleas Sign InAuthor Uknown User... Pleas Sign InAuthor Uknown User... Pleas Sign In',NULL),(85,15,1,1,'Author Uknown User... Pleas Sign InAuthor Uknown User... Pleas Sign InAuthor Uknown User... Pleas Sign InAuthor Uknown User... Pleas Sign InAuthor Uknown User... Pleas Sign InAuthor Uknown User... Pleas Sign InAuthor Uknown User... Pleas Sign InAuthor Uknown User... Pleas Sign InAuthor Uknown User... Pleas Sign In\r\nAuthor Uknown User... Pleas Sign InAuthor Uknown User... Pleas Sign InAuthor Uknown User... Pleas Sign InAuthor Uknown User... Pleas Sign InAuthor Uknown User... Pleas Sign In\r\nAuthor Uknown User... Pleas Sign InAuthor Uknown User... Pleas Sign InAuthor Uknown User... Pleas Sign InAuthor Uknown User... Pleas Sign InAuthor Uknown User... Pleas Sign InAuthor Uknown User... Pleas Sign In\r\n\r\n\r\nAuthor Uknown User... Pleas Sign InAuthor Uknown User... Pleas Sign InAuthor Uknown User... Pleas Sign InAuthor Uknown User... Pleas Sign InAuthor Uknown User... Pleas Sign InAuthor Uknown User... Pleas Sign InAuthor Uknown User... Pleas Sign InAuthor Uknown User... Pleas Sign InAuthor Uknown User... Pleas Sign InAuthor Uknown User... Pleas Sign InAuthor Uknown User... Pleas Sign InAuthor Uknown User... Pleas Sign InAuthor Uknown User... Pleas Sign In',NULL),(86,15,2,1,'Awtar is the first-ever Ethiopian Music App that allows music fans to access and purchase musical works anywhere, anytime; while protecting the copyright of everyone who got involved in creating the Music to benefit from their hard work. Awtar is the first-ever Ethiopian Music App that allows music fans to access and purchase musical works anywhere, anytime; while protecting the copyright of everyone who got involved in creating the Music to benefit from their hard work. \r\n\r\nAwtar is the first-ever Ethiopian Music App that allows music fans to access and purchase musical works anywhere, anytime; while protecting the copyright of everyone who got involved in creating the Music to benefit from their hard work. Awtar is the first-ever Ethiopian Music App that allows music fans to access and purchase musical works anywhere, anytime; while protecting the copyright of everyone who got involved in creating the Music to benefit from their hard work. \r\n\r\nAwtar is the first-ever Ethiopian Music App that allows music fans to access and purchase musical works anywhere, anytime; while protecting the copyright of everyone who got involved in creating the Music to benefit from their hard work. ',NULL),(87,15,0.1638541712,3,'files/blogsData/tempoUpload/0.1638541712.png','not set'),(88,15,0.1638541758,0,'are you an author ?','not set'),(89,15,1.16385418,0,'CSS code','not set'),(90,15,1.163854183,2,'@import url(&quot;./fonts/registr.css&quot;);\r\n@import url(&quot;./registrationForm.css&quot;);\r\n@import url(&quot;./rot.css&quot;);\r\n@import url(&quot;./defines.css&quot;);\r\nhtml,\r\nbody {\r\n  margin: 0px;\r\n  padding: 0px;\r\n}\r\n* {\r\n  outline: none;\r\n  margin: 0px;\r\n  padding: 0px;\r\n  font-family: &quot;Open Sans&quot;, sans-serif;\r\n  font-family: &quot;Roboto Mono&quot;, monospace;\r\n}\r\n*:focus {\r\n  outline: none;\r\n}\r\n*:focus-visible {\r\n  outline: none;\r\n}\r\n.container-fluid {\r\n  width: 90%;\r\n  position: relative;\r\n  max-width: 1300px;\r\n}\r\nheader {\r\n  font-family: &quot;menu&quot;;\r\n  font-weight: bold;\r\n  letter-spacing: 2px;\r\n  text-transform: capitalize;\r\n  margin-top: 20px;\r\n  z-index: 1;\r\n}\r\n.heading {\r\n  background-color: #3d0302;\r\n  height: 200px;\r\n}\r\n.heading .container-fluid {\r\n  background-color: white;\r\n  background-image: url(&quot;../files/SVG/jumbotron.svg&quot;);\r\n  mask-repeat: no-repeat;\r\n  background-size: cover;\r\n  background-position: center;\r\n  height: 100%;\r\n}\r\n.logo {\r\n  height: 35px;\r\n}\r\nsvg {\r\n  height: 100%;\r\n}\r\n.menu a {\r\n  text-decoration: none;\r\n  color: #340100;\r\n  margin-right: 10px;\r\n}\r\n.leftTop {\r\n  text-transform: capitalize;\r\n}\r\n.textContent ol {\r\n  font-family: &quot;title&quot;;\r\n  font-size: 1.5vw;\r\n  list-style: none;\r\n  color: var(--lightOrange);\r\n  margin: 0px;\r\n  padding-left: 40px;\r\n}\r\n.textContent ol .title {\r\n  margin-left: -40px;\r\n  font-size: 1.4em;\r\n}\r\n.heading img {\r\n  width: 100%;\r\n}\r\n.profileContainer {\r\n  /* background-color: red; */\r\n  display: flex;\r\n  align-items: center;\r\n  height: 200px;\r\n  float: right;\r\n  color: white;\r\n  font-size: 1.5em;\r\n}\r\n#prifileImage {\r\n  height: 80%;\r\n  border-radius: 50%;\r\n  margin-right: 10px;\r\n  overflow: hidden;\r\n  background-color: white;\r\n}','CSS'),(91,15,1.1638541847,0,'javascript code.','not set'),(92,15,1.1638541871,2,'// reset our created blog page by removing session and other data related to it.\r\nwindow.onunload = function () {\r\n  let form = new FormData();\r\n  form.append(&quot;reset&quot;, null);\r\n  fetch(&quot;uploadNewBlogData.php&quot;, { method: &quot;POST&quot;, body: form });\r\n  return null;\r\n};\r\n\r\n// this will manage the shadow adding on scroling for the element of author information in uploading a new blog\r\n\r\nlet headerContainer = document.querySelector(&quot;header&quot;);\r\nlet authorInfo = $(&quot;#authorInfo&quot;);\r\nlet option = {};\r\nlet observer = new IntersectionObserver(function (entries, observer) {\r\n  entries.forEach((entrie) =&gt; {\r\n    if (entrie.intersectionRatio == 0) authorInfo.addClass(&quot;bottom-boxShadow&quot;);\r\n    else if (entrie.intersectionRatio &gt; 0)\r\n      authorInfo.removeClass(&quot;bottom-boxShadow&quot;);\r\n  });\r\n}, option);\r\nobserver.observe(headerContainer);','JavaScript'),(93,15,1.1638541889,0,'final note','not set'),(94,15,2.1638541952,3,'files/blogsData/tempoUpload/2.1638541952.png','not set'),(95,16,0,1,'',NULL),(96,17,0,1,'sdjfjsldkjflkj sadlfjlkjsdlkf jlksdkljfjsdl kjfk ljsadlsdkafjlasdf jkasjflksdjlksadlfjlkjsdlkf jlksdkljfjsdl kjfk ljsadlsdkafjlasdf jkasjflksdjlksadlfjlkjsdlkf jlksdkljfjsdl kjfk ljsadlsdkafjlasdf jkasjflksdjlksadlfjlkjsdlkf jlksdkljfjsdl kjfk ljsadlsdkafjlasdf jkasjflksdjlk\r\n\r\nsadlfjlkjsdlkf jlksdkljfjsdl kjfk ljsadlsdkafjlasdf jkasjflksdjlksadlfjlkjsdlkf jlksdkljfjsdl kjfk ljsadlsdkafjlasdf jkasjflksdjlksadlfjlkjsdlkf jlksdkljfjsdl kjfk ljsadlsdkafjlasdf jkasjflksdjlksadlfjlkjsdlkf jlksdkljfjsdl kjfk ljsadlsdkafjlasdf jkasjflksdjlksadlfjlkjsdlkf jlksdkljfjsdl kjfk ljsadlsdkafjlasdf jkasjflksdjlk\r\n\r\nsadlfjlkjsdlkf jlksdkljfjsdl kjfk ljsadlsdkafjlasdf jkasjflksdjlksadlfjlkjsdlkf jlksdkljfjsdl kjfk ljsadlsdkafjlasdf jkasjflksdjlksadlfjlkjsdlkf jlksdkljfjsdl kjfk ljsadlsdkafjlasdf jkasjflksdjlksadlfjlkjsdlkf jlksdkljfjsdl kjfk ljsadlsdkafjlasdf jkasjflksdjlk',NULL),(97,17,1,1,'this is the subtitle of the page this is the subtitle of the page this is the subtitle of the page this is the subtitle of the page this is the subtitle of the page this is the subtitle of the page this is the subtitle of the page this is the subtitle of the page this is the subtitle of the page this is the subtitle of the page \r\nthis is the subtitle of the page this is the subtitle of the page this is the subtitle of the page this is the subtitle of the page this is the subtitle of the page this is the subtitle of the page this is the subtitle of the page this is the subtitle of the page this is the subtitle of the page this is the subtitle of the page this is the subtitle of the page this is the subtitle of the page this is the subtitle of the page this is the subtitle of the page this is the subtitle of the page this is the subtitle of the page this is the subtitle of the page this is the subtitle of the page this is the subtitle of the page this is the subtitle of the page \r\n\r\nthis is the subtitle of the page this is the subtitle of the page this is the subtitle of the page this is the subtitle of the page this is the subtitle of the page this is the subtitle of the page this is the subtitle of the page this is the subtitle of the page this is the subtitle of the page this is the subtitle of the page this is the subtitle of the page this is the subtitle of the page this is the subtitle of the page this is the subtitle of the page this is the subtitle of the page this is the subtitle of the page this is the subtitle of the page this is the subtitle of the page this is the subtitle of the page this is the subtitle of the page ',NULL),(98,17,2,1,'the page this is the subtitle of the page this is the subtitle of the page this is the subtitle of the page this is the subtitle of the page this is the subtitle of the page this is the subtitle of the page this is the subtitle of the page this is the subtitle of the page this is the subtitle of the page this is the subtitle of the page this is the subtitle of the page this is the subtitle of the page this is the subtitle of the page\r\nthe page this is the subtitle of the page this is the subtitle of the page this is the subtitle of the page this is the subtitle of the page this is the subtitle of the page this is the subtitle of the page this is the subtitle of the page this is the subtitle of the page this is the subtitle of the page this is the subtitle of the page this is the subtitle of the page this is the subtitle of the page this is the subtitle of the page\r\n\r\nthe page this is the subtitle of the page this is the subtitle of the page this is the subtitle of the page this is the subtitle of the page this is the subtitle of the page this is the subtitle of the page this is the subtitle of the page this is the subtitle of the page this is the subtitle of the page this is the subtitle of the page this is the subtitle of the page this is the subtitle of the page this is the subtitle of the pag',NULL),(99,17,3,1,'is the subtitle of the page this is the subtitle of the page this is the subtitle of the page this is the subtitle of the page this is the subtitle of the page this is the subtitle of the page this is the subtitle of the page this is the subtitle of the page this is the subtitle of the page this is the subtitle of the page\r\nthe page this is the subtitle of the page this is the subtitle of the page this is the subtitle of the page this is the subtitle of the page this is the subtitle of the page this is the subtitle of the page this is the subtitle of the page this is the subtitle of the page this is the subtitle of the page this is the subtitle of the page this is the subtitle of the page this is the subtitle of the page this is the subtitle of the page\r\n',NULL),(100,17,0.1638551675,0,'subtitle','not set'),(101,17,1.1638551739,3,'files/blogsData/tempoUpload/1.1638551739.png','not set'),(102,17,2.1638551819,2,'  border-bottom: 2px orange solid;\r\n  background: transparent;\r\n}\r\n\r\na {\r\n  text-decoration: none;\r\n}\r\na:hover {\r\n  text-decoration: none;\r\n}\r\n.codeBlock {\r\n  max-width: 80%;\r\n}\r\n.modal .select {\r\n  font-size: 20px;\r\n  color: orange;\r\n  background: none;\r\n  border: none;\r\n  margin-left: 50px;\r\n}\r\n.modal datalist {\r\n  background-color: var(--darkBrown);\r\n}\r\n.textareaContainer {\r\n  margin-top: 20px;\r\n  height: 300px;\r\n  min-height: 300px;\r\n}\r\n.author {\r\n  /* font-family: &quot;zigzag&quot;; */\r\n  font-size: 2em;\r\n  text-transform: capitalize;\r\n}\r\npre.preview {\r\n  max-height: 200px;\r\n}\r\npre {\r\n  max-height: 400px;\r\n}\r\n.preview img {\r\n  border-radius: 10px;\r\n  box-shadow: 2px 2px 5px 2px rgba(0, 0, 0, 0.329);\r\n}\r\n#BlogTypePreview {\r\n  display: flex;\r\n  justify-content: end;\r\n}\r\n#BlogTitlePreview {\r\n  display: flex;\r\n  justify-content: center;\r\n}\r\n#BlogTitlePreview p {\r\n  text-decoration: underline var(--orange);\r\n}\r\n','CSS'),(103,17,2.1638551877,0,'summary','not set'),(104,18,0,1,'dddd',NULL),(105,19,0,1,'asdafsdf',NULL),(106,19,0.1639066609,3,'files/blogsData/images/blogPart/0.1639066609.png','not set'),(107,20,0,1,'hhhhh',NULL),(108,20,0.1639066804,3,'files/blogsData/images/blogPart/0.1639066804.png','not set'),(109,21,0,1,'yutyurtutyu',NULL),(110,21,1,1,'rtyery',NULL),(111,21,0.1639066985,3,'files/blogsData/images/blogPart/0.1639066985.png','not set'),(112,21,1.1639067008,0,'subtitle','not set'),(113,21,1.1639067084,3,'files/blogsData/images/blogPart/1.1639067084.png','not set'),(114,22,0,1,'hhhh',NULL),(115,22,1,1,'hhhh',NULL),(116,22,2,1,'hhhhh',NULL),(117,22,3,1,'hhhh',NULL),(118,22,1.1639068466,3,'files/blogsData/images/blogPart/1.1639068466.png','not set'),(119,22,1.1639068477,0,'subtitle','not set'),(120,22,2.1639068512,2,' if (file_exists(session_id() . &quot;_cover.png&quot;)) {\r\n        $destination = &quot;files/blogsData/images/blogCover/_cover.png.png&quot;;\r\n        $source = &quot;files/blogsData/temp-cover/&quot; . session_id() . &quot;_cover.png&quot;;\r\n        try {\r\n            rename($source, $destination);\r\n        } catch (exception $exce) {\r\n            echo $exce;\r\n        };\r\n        $cover = $destination;\r\n    } else {\r\n        $cover = &quot;default&quot;;\r\n    }\r\n    $res = mysqli_query($con, &quot;insert into blog(author, Title, type, cover) values($author, \'$title\', \'$type\'.\'$cover\');&quot;);\r\n    if ($res != 1) {\r\n        mysqli_query($con, &quot; UNLOCK TABLES&quot;);\r\n        return &quot;cant write to the database&quot;;\r\n    }','PHP'),(121,22,3.1639068972,3,'files/blogsData/images/blogPart/3.1639068972.png','not set'),(122,22,3.1639069003,2,'&lt;div class=&quot;heading&quot;&gt;\r\n    &lt;div class=&quot;container-fluid&quot;&gt;\r\n        &lt;div class=&quot;row align-items-center&quot;&gt;\r\n            &lt;div class=&quot;col-sm-6&quot;&gt;\r\n                &lt;div class=&quot;textContent&quot;&gt;\r\n                    &lt;ol&gt;\r\n                        &lt;li class=&quot;title&quot;&gt;\r\n                            &lt;p&gt;you can be a bloger ?&lt;/p&gt;\r\n                        &lt;/li&gt;\r\n                        &lt;li&gt;\r\n                            &lt;p&gt;sign in / register&lt;/p&gt;\r\n                        &lt;/li&gt;\r\n                        &lt;li&gt;\r\n                            &lt;p&gt;compile your blog&lt;/p&gt;\r\n                        &lt;/li&gt;\r\n                        &lt;li&gt;\r\n                            &lt;p&gt;publish / share&lt;/p&gt;\r\n                        &lt;/li&gt;\r\n                        &lt;li&gt;\r\n                            &lt;!-- &lt;p&gt;or contact us for any guidance. &lt;/p&gt; --&gt;\r\n                        &lt;/li&gt;\r\n                    &lt;/ol&gt;\r\n                &lt;/div&gt;\r\n            &lt;/div&gt;','HTML'),(123,23,0,1,'vbnvbn',NULL),(124,23,1,1,'vbnbnv',NULL),(125,23,2,1,'summary text',NULL),(126,23,0.1639069137,2,'select * from content;\r\nSELECT * from blog;\r\nalter table blog modify column cover varchar(255) DEFAULT &quot;files/blogsData/images/blogCover/default.png&quot;;','SQL'),(127,23,1.1639069152,3,'files/blogsData/images/blogPart/1.1639069152.png','not set'),(128,23,1.1639069237,0,'summary','not set'),(129,24,0,1,'mbvbnm',NULL),(130,25,0,1,'',NULL),(131,26,0,1,'wearfwerqwerweqrxczvxzcv',NULL),(132,26,1,1,'xcvxczvxczvxzcvxzcv',NULL),(133,26,2,1,'cxvxzcvxczvzxcvxczvxzcv',NULL),(134,26,3,1,'xczvzxcvxzcvxzcv',NULL),(135,26,4,1,'xzcvxzcvzxcvxczvxcv',NULL),(136,26,5,1,'jhgkghghk',NULL),(137,26,6,1,'ghkjhkghjkh',NULL),(138,26,4.1639071831,3,'files/blogsData/images/blogPart/4.1639071831.png','not set'),(139,26,4.1639071856,2,'observer.observe(headerContainer);\r\n\r\nif (BlogTitle) {\r\n  BlogTitle.oninput = (x) =&gt; {\r\n    BlogTitlePreview.getElementsByTagName(&quot;p&quot;)[0].innerText = x.target.value;\r\n  }\r\n  BlogType.oninput = (x) =&gt; {\r\n    BlogTypePreview.getElementsByTagName(&quot;p&quot;)[0].innerText = x.target.value;\r\n  }\r\n  BlogTypePreview.getElementsByTagName(&quot;p&quot;)[0].innerText = BlogType.value;\r\n  BlogTitlePreview.getElementsByTagName(&quot;p&quot;)[0].innerText = BlogTitle.value;\r\n}\r\n\r\n$(document).ready(function () {\r\n  if (window.location.pathname == \'/winmac-blog/AddBlog.php\') {\r\n    scrollWindowToBottom();\r\n  }\r\n  console.log(&quot;ready!&quot;);\r\n});\r\n\r\n','JavaScript'),(140,26,6.1639072176,2,'&lt;div class=&quot;container-fluid Home&quot;&gt;\r\n    &lt;div class=&quot;row&quot;&gt;\r\n        &lt;div class=&quot;col-sm-8&quot;&gt;\r\n            &lt;div class=&quot;blogTitle&quot;&gt;this is paragraph&lt;/div&gt;\r\n            &lt;p&gt; this is paragraph this is paragraph this is paragraph this is paragraph this is paragraph this is paragraph this is paragraph this is paragraph this is paragraph this is paragraph this is paragraph this is paragraph this is paragraph this is paragraph this is paragraph this is paragraph this is paragraph this is paragraph this is paragraph this is paragraph this is paragraph &lt;/p&gt;\r\n        &lt;/div&gt;\r\n        &lt;div class=&quot;col-sm-4 BlogSideImage&quot;&gt;\r\n            &lt;img src=&quot;./files/react@2x.png&quot; alt=&quot;angular&quot;&gt;\r\n        &lt;/div&gt;\r\n    &lt;/div&gt;\r\n    &lt;div class=&quot;row align-items-center BlogList&quot;&gt;\r\n        &lt;div class=&quot;col-md-6&quot;&gt;\r\n            &lt;div class=&quot;row halfSide&quot;&gt;\r\n                &lt;div class=&quot;col-md-8&quot;&gt;\r\n                    &lt;div class=&quot;blogTitle&quot;&gt;this is paragraph&lt;/div&gt;\r\n                    &lt;p&gt; this is paragraph this is paragraph this is paragraph this is paragraph this is paragraph this is paragraph this is paragraph this is paragraph this is paragraph this is paragraph this is paragraph this is &lt;/p&gt;\r\n                &lt;/div&gt;\r\n                &lt;div class=&quot;col-md-4 BlogSideImage&quot;&gt;\r\n                    &lt;img src=&quot;./files/Angular@1x.png&quot; alt=&quot;angular&quot;&gt;\r\n                &lt;/div&gt;\r\n            &lt;/div&gt;\r\n        &lt;/div&gt;\r\n        &lt;div class=&quot;col-md-6 halfSide&quot;&gt;\r\n            &lt;div class=&quot;row&quot;&gt;\r\n                &lt;div class=&quot;col-md-8&quot;&gt;\r\n                    &lt;div class=&quot;blogTitle&quot;&gt;this is paragraph&lt;/div&gt;\r\n                    &lt;p&gt; this is paragraph this is paragraph this is paragraph this is paragraph this is paragraph this is paragraph this is paragraph this is paragraph this is paragraph this is paragraph this is paragraph this is &lt;/p&gt;\r\n                &lt;/div&gt;\r\n                &lt;div class=&quot;col-md-4 BlogSideImage&quot;&gt;\r\n                    &lt;img src=&quot;./files/vue@2x.png&quot; alt=&quot;angular&quot;&gt;\r\n                &lt;/div&gt;','HTML'),(141,27,0,1,'sgdfgdfsgdg',NULL),(142,28,0,1,'dfsgdsfgdfsgdfg',NULL),(143,29,0,1,'dfsgdsfgdfsgdfg',NULL),(144,30,0,1,'1',NULL),(145,31,0,1,'xxxx',NULL),(146,32,0,1,'cccc',NULL),(147,33,0,1,'qqqqq wsdcazscf asdadas dasd asdasd asqqqqq wsdcazscf asdadas dasd asdasd asqqqqq wsdcazscf asdadas dasd asdasd asqqqqq wsdcazscf asdadas dasd asdasd asqqqqq wsdcazscf asdadas dasd asdasd asqqqqq wsdcazscf asdadas dasd asdasd asqqqqq wsdcazscf asdadas dasd asdasd asqqqqq wsdcazscf asdadas dasd asdasd asqqqqq wsdcazscf asdadas dasd asdasd asqqqqq wsdcazscf asdadas dasd asdasd asqqqqq wsdcazscf asdadas dasd asdasd asqqqqq wsdcazscf asdadas dasd asdasd asqqqqq wsdcazscf asdadas dasd asdasd asqqqqq wsdcazscf asdadas dasd asdasd asqqqqq wsdcazscf asdadas dasd asdasd asqqqqq wsdcazscf asdadas dasd asdasd asqqqqq wsdcazscf asdadas dasd asdasd as\r\n\r\nqqqqq wsdcazscf asdadas dasd asdasd asqqqqq wsdcazscf asdadas dasd asdasd asqqqqq wsdcazscf asdadas dasd asdasd asqqqqq wsdcazscf asdadas dasd asdasd asqqqqq wsdcazscf asdadas dasd asdasd asqqqqq wsdcazscf asdadas dasd asdasd asqqqqq wsdcazscf asdadas dasd asdasd asqqqqq wsdcazscf asdadas dasd asdasd asqqqqq wsdcazscf asdadas dasd asdasd asqqqqq wsdcazscf asdadas dasd asdasd as\r\nqqqqq wsdcazscf asdadas dasd asdasd asqqqqq wsdcazscf asdadas dasd asdasd asqqqqq wsdcazscf asdadas dasd asdasd asqqqqq wsdcazscf asdadas dasd asdasd asqqqqq wsdcazscf asdadas dasd asdasd asqqqqq wsdcazscf asdadas dasd asdasd asqqqqq wsdcazscf asdadas dasd asdasd as',NULL),(148,33,1,1,'Warning:  Undefined array key 1 in C:Apache24htdocsWinMac-BlogAddBlog.php on line 61\r\n',NULL),(149,33,2,1,'qqqqq wsdcazscf asdadas dasd asdasd asqqqqq wsdcazscf asdadas dasd asdasd asqqqqq wsdcazscf asdadas dasd asdasd asqqqqq wsdcazscf asdadas dasd asdasd asqqqqq wsdcazscf asdadas dasd asdasd asqqqqq wsdcazscf asdadas dasd asdasd asqqqqq wsdcazscf asdadas dasd asdasd asqqqqq wsdcazscf asdadas dasd asdasd asqqqqq wsdcazscf asdadas dasd asdasd asqqqqq wsdcazscf asdadas dasd asdasd asqqqqq wsdcazscf asdadas dasd asdasd asqqqqq wsdcazscf asdadas dasd asdasd asqqqqq wsdcazscf asdadas dasd asdasd asqqqqq wsdcazscf asdadas dasd asdasd asqqqqq wsdcazscf asdadas dasd asdasd asqqqqq wsdcazscf asdadas dasd asdasd asqqqqq wsdcazscf asdadas dasd asdasd as\r\n\r\nqqqqq wsdcazscf asdadas dasd asdasd asqqqqq wsdcazscf asdadas dasd asdasd asqqqqq wsdcazscf asdadas dasd asdasd asqqqqq wsdcazscf asdadas dasd asdasd asqqqqq wsdcazscf asdadas dasd asdasd asqqqqq wsdcazscf asdadas dasd asdasd asqqqqq wsdcazscf asdadas dasd asdasd asqqqqq wsdcazscf asdadas dasd asdasd asqqqqq wsdcazscf asdadas dasd asdasd asqqqqq wsdcazscf asdadas dasd asdasd as\r\nqqqqq wsdcazscf asdadas dasd asdasd asqqqqq wsdcazscf asdadas dasd asdasd asqqqqq wsdcazscf asdadas dasd asdasd asqqqqq wsdcazscf asdadas dasd asdasd asqqqqq ',NULL),(150,33,3,1,'sdfsdafsdfsdf',NULL),(151,33,4,1,'',NULL),(152,33,1.1639077044,3,'files/blogsData/images/blogPart/1.1639077044.png','not set'),(153,33,2.1639077075,2,'select * from content;\r\nSELECT * from blog;\r\nSELECT * from author;\r\nalter table blog modify column cover varchar(255) DEFAULT &quot;files/blogsData/images/blogCover/default.png&quot;;\r\nalter table author alter column profilePic varchar(255) UNIQUE;\r\n','SQL'),(154,33,3.163907711,0,'final word','not set'),(155,33,4.1639077485,0,'summary','not set'),(156,34,0,1,'ytiuyti',NULL),(157,35,0,1,'xxxx',NULL),(158,36,0,1,'fdgdfg',NULL),(159,37,0,1,'dfgdfg',NULL);
/*!40000 ALTER TABLE `content` ENABLE KEYS */;
UNLOCK TABLES;
/*!40103 SET TIME_ZONE=@OLD_TIME_ZONE */;

/*!40101 SET SQL_MODE=@OLD_SQL_MODE */;
/*!40014 SET FOREIGN_KEY_CHECKS=@OLD_FOREIGN_KEY_CHECKS */;
/*!40014 SET UNIQUE_CHECKS=@OLD_UNIQUE_CHECKS */;
/*!40101 SET CHARACTER_SET_CLIENT=@OLD_CHARACTER_SET_CLIENT */;
/*!40101 SET CHARACTER_SET_RESULTS=@OLD_CHARACTER_SET_RESULTS */;
/*!40101 SET COLLATION_CONNECTION=@OLD_COLLATION_CONNECTION */;
/*!40111 SET SQL_NOTES=@OLD_SQL_NOTES */;

-- Dump completed on 2021-12-10  1:55:53
